{"level":"info","message":"Server running on port 1717","service":"nodejs-backend-architecture","timestamp":"2025-08-18T02:38:23.152Z"}
{"level":"info","message":"Received GET request to /","service":"nodejs-backend-architecture","timestamp":"2025-08-18T02:39:09.621Z"}
{"level":"info","message":"Request body, undefined","service":"nodejs-backend-architecture","timestamp":"2025-08-18T02:39:09.621Z"}
{"level":"info","message":"Server running on port 1717","service":"nodejs-backend-architecture","timestamp":"2025-08-18T02:40:11.851Z"}
{"level":"info","message":"Server running on port 1717","service":"nodejs-backend-architecture","timestamp":"2025-08-18T02:41:58.109Z"}
{"level":"info","message":"Received GET request to /","service":"nodejs-backend-architecture","timestamp":"2025-08-18T02:42:06.697Z"}
{"level":"info","message":"Request body, undefined","service":"nodejs-backend-architecture","timestamp":"2025-08-18T02:42:06.697Z"}
{"level":"info","message":"Server running on port 1717","service":"nodejs-backend-architecture","timestamp":"2025-08-18T03:16:24.955Z"}
{"level":"info","message":"Server running on port 1717","service":"nodejs-backend-architecture","timestamp":"2025-08-18T03:16:26.197Z"}
{"level":"info","message":"Server running on port 1717","service":"nodejs-backend-architecture","timestamp":"2025-08-18T03:18:15.097Z"}
{"level":"info","message":"Server running on port 1717","service":"nodejs-backend-architecture","timestamp":"2025-08-18T03:18:16.336Z"}
{"level":"info","message":"Received GET request to /","service":"nodejs-backend-architecture","timestamp":"2025-08-18T03:18:30.357Z"}
{"level":"info","message":"Request body, undefined","service":"nodejs-backend-architecture","timestamp":"2025-08-18T03:18:30.358Z"}
{"level":"info","message":"Server running on port 1717","service":"nodejs-backend-architecture","timestamp":"2025-08-18T03:19:43.435Z"}
{"level":"info","message":"Server running on port 1717","service":"nodejs-backend-architecture","timestamp":"2025-08-18T03:25:14.403Z"}
{"level":"info","message":"Server running on port 1717","service":"nodejs-backend-architecture","timestamp":"2025-08-18T03:25:15.638Z"}
{"level":"info","message":"Received GET request to /","service":"nodejs-backend-architecture","timestamp":"2025-08-18T03:25:22.573Z"}
{"level":"info","message":"Request body, undefined","service":"nodejs-backend-architecture","timestamp":"2025-08-18T03:25:22.574Z"}
{"level":"info","message":"Server running on port 1717","service":"nodejs-backend-architecture","timestamp":"2025-08-18T03:27:38.224Z"}
{"level":"info","message":"Server running on port 1717","service":"nodejs-backend-architecture","timestamp":"2025-08-18T03:27:39.863Z"}
{"level":"info","message":"Server running on port 1717","service":"nodejs-backend-architecture","timestamp":"2025-08-18T03:29:12.893Z"}
{"level":"info","message":"Server running on port 1717","service":"nodejs-backend-architecture","timestamp":"2025-08-18T03:29:37.774Z"}
{"level":"info","message":"Server running on port 1717","service":"nodejs-backend-architecture","timestamp":"2025-08-18T03:30:06.549Z"}
{"level":"info","message":"Server running on port 1717","service":"nodejs-backend-architecture","timestamp":"2025-08-18T03:30:16.870Z"}
{"level":"info","message":"Server running on port 1717","service":"nodejs-backend-architecture","timestamp":"2025-08-18T03:31:41.800Z"}
{"level":"info","message":"Server running on port 1717","service":"nodejs-backend-architecture","timestamp":"2025-08-18T03:32:19.872Z"}
{"level":"info","message":"Server running on port 1717","service":"nodejs-backend-architecture","timestamp":"2025-08-18T03:33:35.828Z"}
{"level":"info","message":"Server running on port 1717","service":"nodejs-backend-architecture","timestamp":"2025-08-18T03:42:42.184Z"}
{"level":"info","message":"Server running on port 1717","service":"nodejs-backend-architecture","timestamp":"2025-08-18T03:43:54.119Z"}
{"level":"info","message":"Server running on port 1717","service":"nodejs-backend-architecture","timestamp":"2025-08-18T03:44:24.846Z"}
{"level":"info","message":"Server running on port 1717","service":"nodejs-backend-architecture","timestamp":"2025-08-18T03:45:40.050Z"}
{"level":"info","message":"Server running on port 1717","service":"nodejs-backend-architecture","timestamp":"2025-08-18T03:46:23.593Z"}
{"level":"info","message":"Server running on port 1717","service":"nodejs-backend-architecture","timestamp":"2025-08-18T03:46:36.031Z"}
{"level":"info","message":"Server running on port 1717","service":"nodejs-backend-architecture","timestamp":"2025-08-18T03:47:50.372Z"}
{"level":"info","message":"Server running on port 1717","service":"nodejs-backend-architecture","timestamp":"2025-08-18T03:49:38.229Z"}
{"level":"info","message":"Server running on port 1717","service":"nodejs-backend-architecture","timestamp":"2025-08-18T03:50:00.869Z"}
{"level":"info","message":"Server running on port 1717","service":"nodejs-backend-architecture","timestamp":"2025-08-18T03:50:06.951Z"}
{"level":"info","message":"Server running on port 1717","service":"nodejs-backend-architecture","timestamp":"2025-08-18T03:50:38.453Z"}
{"level":"info","message":"Server running on port 1717","service":"nodejs-backend-architecture","timestamp":"2025-08-18T03:50:45.867Z"}
{"level":"info","message":"Server running on port 1717","service":"nodejs-backend-architecture","timestamp":"2025-08-18T03:50:55.779Z"}
{"level":"info","message":"Server running on port 1717","service":"nodejs-backend-architecture","timestamp":"2025-08-18T03:51:32.002Z"}
{"level":"info","message":"Server running on port 1717","service":"nodejs-backend-architecture","timestamp":"2025-08-18T03:53:38.120Z"}
{"level":"info","message":"Server running on port 1717","service":"nodejs-backend-architecture","timestamp":"2025-08-18T03:53:39.148Z"}
{"level":"info","message":"Server running on port 1717","service":"nodejs-backend-architecture","timestamp":"2025-08-18T03:53:43.089Z"}
{"level":"info","message":"Server running on port 1717","service":"nodejs-backend-architecture","timestamp":"2025-08-18T03:54:02.277Z"}
{"level":"info","message":"Server running on port 1717","service":"nodejs-backend-architecture","timestamp":"2025-08-18T03:54:23.624Z"}
{"level":"info","message":"Server running on port 1717","service":"nodejs-backend-architecture","timestamp":"2025-08-18T03:54:26.189Z"}
{"level":"info","message":"Server running on port 1717","service":"nodejs-backend-architecture","timestamp":"2025-08-18T03:54:32.072Z"}
{"level":"info","message":"Server running on port 1717","service":"nodejs-backend-architecture","timestamp":"2025-08-18T03:54:38.916Z"}
{"level":"info","message":"Server running on port 1717","service":"nodejs-backend-architecture","timestamp":"2025-08-18T03:55:08.013Z"}
{"level":"info","message":"Server running on port 1717","service":"nodejs-backend-architecture","timestamp":"2025-08-18T03:55:25.609Z"}
{"level":"info","message":"Server running on port 1717","service":"nodejs-backend-architecture","timestamp":"2025-08-18T03:56:01.930Z"}
{"level":"info","message":"Server running on port 1717","service":"nodejs-backend-architecture","timestamp":"2025-08-18T03:56:40.622Z"}
{"level":"info","message":"Server running on port 1717","service":"nodejs-backend-architecture","timestamp":"2025-08-18T03:56:59.445Z"}
{"level":"info","message":"Server running on port 1717","service":"nodejs-backend-architecture","timestamp":"2025-08-18T03:57:00.842Z"}
{"level":"info","message":"Received GET request to /api/user","service":"nodejs-backend-architecture","timestamp":"2025-08-18T03:58:38.452Z"}
{"level":"info","message":"Request body, undefined","service":"nodejs-backend-architecture","timestamp":"2025-08-18T03:58:38.452Z"}
{"level":"info","message":"Received GET request to /api/users","service":"nodejs-backend-architecture","timestamp":"2025-08-18T03:58:45.359Z"}
{"level":"info","message":"Request body, undefined","service":"nodejs-backend-architecture","timestamp":"2025-08-18T03:58:45.359Z"}
{"level":"info","message":"Received GET request to /api/users","service":"nodejs-backend-architecture","timestamp":"2025-08-18T03:59:00.649Z"}
{"level":"info","message":"Request body, undefined","service":"nodejs-backend-architecture","timestamp":"2025-08-18T03:59:00.649Z"}
{"level":"info","message":"Server running on port 1717","service":"nodejs-backend-architecture","timestamp":"2025-08-18T04:00:10.280Z"}
{"level":"info","message":"Server running on port 1717","service":"nodejs-backend-architecture","timestamp":"2025-08-18T04:00:32.014Z"}
{"level":"info","message":"Server running on port 1717","service":"nodejs-backend-architecture","timestamp":"2025-08-18T04:03:14.757Z"}
{"level":"info","message":"Server running on port 1717","service":"nodejs-backend-architecture","timestamp":"2025-08-18T04:03:26.022Z"}
{"level":"info","message":"Server running on port 1717","service":"nodejs-backend-architecture","timestamp":"2025-08-18T04:03:40.578Z"}
{"level":"info","message":"Server running on port 1717","service":"nodejs-backend-architecture","timestamp":"2025-08-18T04:04:02.854Z"}
{"level":"info","message":"Server running on port 1717","service":"nodejs-backend-architecture","timestamp":"2025-08-18T04:04:05.284Z"}
{"level":"info","message":"Server running on port 1717","service":"nodejs-backend-architecture","timestamp":"2025-08-18T04:04:59.583Z"}
{"level":"info","message":"Server running on port 1717","service":"nodejs-backend-architecture","timestamp":"2025-08-18T04:05:06.480Z"}
{"level":"info","message":"Server running on port 1717","service":"nodejs-backend-architecture","timestamp":"2025-08-18T04:05:12.087Z"}
{"level":"info","message":"Received GET request to /api/users","service":"nodejs-backend-architecture","timestamp":"2025-08-18T04:05:16.901Z"}
{"level":"info","message":"Request body, undefined","service":"nodejs-backend-architecture","timestamp":"2025-08-18T04:05:16.901Z"}
{"level":"info","message":"Received GET request to /api/users","service":"nodejs-backend-architecture","timestamp":"2025-08-18T04:05:19.285Z"}
{"level":"info","message":"Request body, undefined","service":"nodejs-backend-architecture","timestamp":"2025-08-18T04:05:19.286Z"}
{"level":"info","message":"Received GET request to /","service":"nodejs-backend-architecture","timestamp":"2025-08-18T04:05:44.107Z"}
{"level":"info","message":"Request body, undefined","service":"nodejs-backend-architecture","timestamp":"2025-08-18T04:05:44.107Z"}
{"level":"info","message":"Server running on port 1717","service":"nodejs-backend-architecture","timestamp":"2025-08-18T04:06:05.622Z"}
{"level":"info","message":"Server running on port 1717","service":"nodejs-backend-architecture","timestamp":"2025-08-18T04:06:08.700Z"}
{"level":"info","message":"Server running on port 1717","service":"nodejs-backend-architecture","timestamp":"2025-08-18T04:06:20.050Z"}
{"level":"info","message":"Server running on port 1717","service":"nodejs-backend-architecture","timestamp":"2025-08-18T04:06:37.002Z"}
{"level":"info","message":"Server running on port 1717","service":"nodejs-backend-architecture","timestamp":"2025-08-18T04:08:29.236Z"}
{"level":"info","message":"Received GET request to /","service":"nodejs-backend-architecture","timestamp":"2025-08-18T04:08:32.833Z"}
{"level":"info","message":"Request body, undefined","service":"nodejs-backend-architecture","timestamp":"2025-08-18T04:08:32.833Z"}
{"level":"info","message":"Received GET request to /api/users","service":"nodejs-backend-architecture","timestamp":"2025-08-18T04:08:36.898Z"}
{"level":"info","message":"Request body, undefined","service":"nodejs-backend-architecture","timestamp":"2025-08-18T04:08:36.898Z"}
{"level":"info","message":"Received GET request to /api/users","service":"nodejs-backend-architecture","timestamp":"2025-08-18T04:08:38.331Z"}
{"level":"info","message":"Request body, undefined","service":"nodejs-backend-architecture","timestamp":"2025-08-18T04:08:38.332Z"}
{"level":"info","message":"Received GET request to /api/users","service":"nodejs-backend-architecture","timestamp":"2025-08-18T04:08:42.201Z"}
{"level":"info","message":"Request body, undefined","service":"nodejs-backend-architecture","timestamp":"2025-08-18T04:08:42.201Z"}
{"level":"info","message":"Server running on port 1717","service":"nodejs-backend-architecture","timestamp":"2025-08-18T04:09:13.155Z"}
{"level":"info","message":"Server running on port 1717","service":"nodejs-backend-architecture","timestamp":"2025-08-18T04:09:17.188Z"}
{"level":"info","message":"Server running on port 1717","service":"nodejs-backend-architecture","timestamp":"2025-08-18T04:09:26.801Z"}
{"level":"info","message":"Received GET request to /api/users","service":"nodejs-backend-architecture","timestamp":"2025-08-18T04:09:33.155Z"}
{"level":"info","message":"Request body, undefined","service":"nodejs-backend-architecture","timestamp":"2025-08-18T04:09:33.155Z"}
{"level":"info","message":"Server running on port 1717","service":"nodejs-backend-architecture","timestamp":"2025-08-18T04:09:41.136Z"}
{"level":"info","message":"Server running on port 1717","service":"nodejs-backend-architecture","timestamp":"2025-08-18T04:09:42.638Z"}
{"level":"info","message":"Received GET request to /api/users","service":"nodejs-backend-architecture","timestamp":"2025-08-18T04:09:45.894Z"}
{"level":"info","message":"Request body, undefined","service":"nodejs-backend-architecture","timestamp":"2025-08-18T04:09:45.895Z"}
{"level":"info","message":"Received GET request to /api/users","service":"nodejs-backend-architecture","timestamp":"2025-08-18T04:10:07.835Z"}
{"level":"info","message":"Request body, undefined","service":"nodejs-backend-architecture","timestamp":"2025-08-18T04:10:07.835Z"}
{"level":"info","message":"Server running on port 1717","service":"nodejs-backend-architecture","timestamp":"2025-08-18T04:11:46.122Z"}
{"level":"info","message":"Server running on port 1717","service":"nodejs-backend-architecture","timestamp":"2025-08-18T04:12:08.217Z"}
{"level":"info","message":"Server running on port 1717","service":"nodejs-backend-architecture","timestamp":"2025-08-18T04:12:10.328Z"}
{"level":"info","message":"Server running on port 1717","service":"nodejs-backend-architecture","timestamp":"2025-08-18T04:13:30.026Z"}
{"level":"info","message":"Server running on port 1717","service":"nodejs-backend-architecture","timestamp":"2025-08-18T04:13:32.195Z"}
{"level":"info","message":"Received GET request to /api/users","service":"nodejs-backend-architecture","timestamp":"2025-08-18T04:13:37.935Z"}
{"level":"info","message":"Request body, undefined","service":"nodejs-backend-architecture","timestamp":"2025-08-18T04:13:37.936Z"}
{"level":"info","message":"Received GET request to /api/users","service":"nodejs-backend-architecture","timestamp":"2025-08-18T04:13:38.976Z"}
{"level":"info","message":"Request body, undefined","service":"nodejs-backend-architecture","timestamp":"2025-08-18T04:13:38.977Z"}
{"level":"info","message":"Server running on port 1717","service":"nodejs-backend-architecture","timestamp":"2025-08-18T04:14:36.397Z"}
{"level":"info","message":"Server running on port 1717","service":"nodejs-backend-architecture","timestamp":"2025-08-18T04:14:55.143Z"}
{"level":"info","message":"Server running on port 1717","service":"nodejs-backend-architecture","timestamp":"2025-08-18T04:16:59.814Z"}
{"level":"info","message":"Server running on port 1717","service":"nodejs-backend-architecture","timestamp":"2025-08-18T04:17:11.165Z"}
{"level":"info","message":"Server running on port 1717","service":"nodejs-backend-architecture","timestamp":"2025-08-18T04:18:14.230Z"}
{"level":"info","message":"Received GET request to /api/users","service":"nodejs-backend-architecture","timestamp":"2025-08-18T04:18:18.050Z"}
{"level":"info","message":"Request body, undefined","service":"nodejs-backend-architecture","timestamp":"2025-08-18T04:18:18.051Z"}
{"level":"info","message":"Received GET request to /","service":"nodejs-backend-architecture","timestamp":"2025-08-18T04:18:23.035Z"}
{"level":"info","message":"Request body, undefined","service":"nodejs-backend-architecture","timestamp":"2025-08-18T04:18:23.035Z"}
{"level":"info","message":"Received GET request to /api/users","service":"nodejs-backend-architecture","timestamp":"2025-08-18T04:18:25.600Z"}
{"level":"info","message":"Request body, undefined","service":"nodejs-backend-architecture","timestamp":"2025-08-18T04:18:25.600Z"}
{"level":"info","message":"Server running on port 1717","service":"nodejs-backend-architecture","timestamp":"2025-08-18T04:18:44.192Z"}
{"level":"info","message":"Server running on port 1717","service":"nodejs-backend-architecture","timestamp":"2025-08-18T04:19:19.374Z"}
{"level":"info","message":"Server running on port 1717","service":"nodejs-backend-architecture","timestamp":"2025-08-18T04:19:31.196Z"}
{"level":"info","message":"Server running on port 1717","service":"nodejs-backend-architecture","timestamp":"2025-08-18T04:45:28.530Z"}
{"level":"info","message":"Server running on port 1717","service":"nodejs-backend-architecture","timestamp":"2025-08-18T04:45:40.869Z"}
{"level":"info","message":"Server running on port 1717","service":"nodejs-backend-architecture","timestamp":"2025-08-18T04:45:51.305Z"}
{"level":"info","message":"Server running on port 1717","service":"nodejs-backend-architecture","timestamp":"2025-08-18T04:46:33.009Z"}
{"level":"info","message":"Received GET request to /api/users","service":"nodejs-backend-architecture","timestamp":"2025-08-18T04:46:41.487Z"}
{"level":"info","message":"Request body, undefined","service":"nodejs-backend-architecture","timestamp":"2025-08-18T04:46:41.488Z"}
{"level":"info","message":"Received GET request to /api/sample","service":"nodejs-backend-architecture","timestamp":"2025-08-18T04:46:56.687Z"}
{"level":"info","message":"Request body, undefined","service":"nodejs-backend-architecture","timestamp":"2025-08-18T04:46:56.687Z"}
{"level":"info","message":"Server running on port 1717","service":"nodejs-backend-architecture","timestamp":"2025-08-18T04:47:04.765Z"}
{"level":"info","message":"Received GET request to /api/sample","service":"nodejs-backend-architecture","timestamp":"2025-08-18T04:47:06.249Z"}
{"level":"info","message":"Request body, undefined","service":"nodejs-backend-architecture","timestamp":"2025-08-18T04:47:06.249Z"}
{"level":"info","message":"Server running on port 1717","service":"nodejs-backend-architecture","timestamp":"2025-08-18T04:48:03.828Z"}
{"level":"info","message":"Server running on port 1717","service":"nodejs-backend-architecture","timestamp":"2025-08-18T04:51:22.496Z"}
{"level":"info","message":"Server running on port 1717","service":"nodejs-backend-architecture","timestamp":"2025-08-18T04:51:23.978Z"}
{"level":"info","message":"Server running on port 1717","service":"nodejs-backend-architecture","timestamp":"2025-08-18T04:51:47.196Z"}
{"level":"info","message":"Server running on port 1717","service":"nodejs-backend-architecture","timestamp":"2025-08-18T04:52:15.078Z"}
{"level":"info","message":"Received GET request to /api/users/1","service":"nodejs-backend-architecture","timestamp":"2025-08-18T04:52:36.536Z"}
{"level":"info","message":"Request body, undefined","service":"nodejs-backend-architecture","timestamp":"2025-08-18T04:52:36.537Z"}
{"level":"info","message":"Received GET request to /api/users/10","service":"nodejs-backend-architecture","timestamp":"2025-08-18T04:52:40.687Z"}
{"level":"info","message":"Request body, undefined","service":"nodejs-backend-architecture","timestamp":"2025-08-18T04:52:40.688Z"}
{"level":"info","message":"Received GET request to /api/users/sadas","service":"nodejs-backend-architecture","timestamp":"2025-08-18T04:52:46.829Z"}
{"level":"info","message":"Request body, undefined","service":"nodejs-backend-architecture","timestamp":"2025-08-18T04:52:46.829Z"}
{"level":"info","message":"Received GET request to /api/users/","service":"nodejs-backend-architecture","timestamp":"2025-08-18T04:52:51.182Z"}
{"level":"info","message":"Request body, undefined","service":"nodejs-backend-architecture","timestamp":"2025-08-18T04:52:51.182Z"}
{"level":"info","message":"Received GET request to /api/users/1","service":"nodejs-backend-architecture","timestamp":"2025-08-18T04:52:57.419Z"}
{"level":"info","message":"Request body, undefined","service":"nodejs-backend-architecture","timestamp":"2025-08-18T04:52:57.419Z"}
{"level":"info","message":"Server running on port 1717","service":"nodejs-backend-architecture","timestamp":"2025-08-18T04:54:08.728Z"}
{"level":"info","message":"Received POST request to /api/users","service":"nodejs-backend-architecture","timestamp":"2025-08-18T04:55:27.433Z"}
{"level":"info","message":"Request body, [object Object]","service":"nodejs-backend-architecture","timestamp":"2025-08-18T04:55:27.433Z"}
{"level":"info","message":"Server running on port 1717","service":"nodejs-backend-architecture","timestamp":"2025-08-18T04:59:06.349Z"}
{"level":"info","message":"Server running on port 1717","service":"nodejs-backend-architecture","timestamp":"2025-08-18T04:59:07.662Z"}
{"level":"info","message":"Received POST request to /api/users","service":"nodejs-backend-architecture","timestamp":"2025-08-18T04:59:12.694Z"}
{"level":"info","message":"Request body, [object Object]","service":"nodejs-backend-architecture","timestamp":"2025-08-18T04:59:12.695Z"}
{"level":"info","message":"Server running on port 1717","service":"nodejs-backend-architecture","timestamp":"2025-08-18T04:59:24.375Z"}
{"level":"info","message":"Server running on port 1717","service":"nodejs-backend-architecture","timestamp":"2025-08-18T05:00:10.966Z"}
{"level":"info","message":"Server running on port 1717","service":"nodejs-backend-architecture","timestamp":"2025-08-18T05:00:27.964Z"}
{"level":"info","message":"Received PUT request to /api/users/1","service":"nodejs-backend-architecture","timestamp":"2025-08-18T05:01:02.261Z"}
{"level":"info","message":"Request body, [object Object]","service":"nodejs-backend-architecture","timestamp":"2025-08-18T05:01:02.262Z"}
{"level":"info","message":"Received PUT request to /api/users/10","service":"nodejs-backend-architecture","timestamp":"2025-08-18T05:01:10.601Z"}
{"level":"info","message":"Request body, [object Object]","service":"nodejs-backend-architecture","timestamp":"2025-08-18T05:01:10.601Z"}
{"level":"info","message":"Server running on port 1717","service":"nodejs-backend-architecture","timestamp":"2025-08-18T05:01:34.874Z"}
{"level":"info","message":"Server running on port 1717","service":"nodejs-backend-architecture","timestamp":"2025-08-18T05:01:45.688Z"}
{"level":"info","message":"Server running on port 1717","service":"nodejs-backend-architecture","timestamp":"2025-08-18T05:01:48.917Z"}
{"level":"info","message":"Server running on port 1717","service":"nodejs-backend-architecture","timestamp":"2025-08-18T05:01:51.957Z"}
{"level":"info","message":"Received PUT request to /api/users/10","service":"nodejs-backend-architecture","timestamp":"2025-08-18T05:01:53.457Z"}
{"level":"info","message":"Request body, [object Object]","service":"nodejs-backend-architecture","timestamp":"2025-08-18T05:01:53.457Z"}
{"level":"info","message":"Received POST request to /api/users","service":"nodejs-backend-architecture","timestamp":"2025-08-18T05:02:01.656Z"}
{"level":"info","message":"Request body, [object Object]","service":"nodejs-backend-architecture","timestamp":"2025-08-18T05:02:01.656Z"}
{"level":"info","message":"Received POST request to /api/users","service":"nodejs-backend-architecture","timestamp":"2025-08-18T05:02:09.635Z"}
{"level":"info","message":"Request body, [object Object]","service":"nodejs-backend-architecture","timestamp":"2025-08-18T05:02:09.636Z"}
{"level":"info","message":"Server running on port 1717","service":"nodejs-backend-architecture","timestamp":"2025-08-18T05:02:19.907Z"}
{"level":"info","message":"Received POST request to /api/users","service":"nodejs-backend-architecture","timestamp":"2025-08-18T05:02:24.096Z"}
{"level":"info","message":"Request body, [object Object]","service":"nodejs-backend-architecture","timestamp":"2025-08-18T05:02:24.096Z"}
{"level":"info","message":"Server running on port 1717","service":"nodejs-backend-architecture","timestamp":"2025-08-18T05:02:27.967Z"}
{"level":"info","message":"Received POST request to /api/users","service":"nodejs-backend-architecture","timestamp":"2025-08-18T05:02:29.072Z"}
{"level":"info","message":"Request body, [object Object]","service":"nodejs-backend-architecture","timestamp":"2025-08-18T05:02:29.073Z"}
{"level":"info","message":"Server running on port 1717","service":"nodejs-backend-architecture","timestamp":"2025-08-18T05:03:42.091Z"}
{"level":"info","message":"Server running on port 1717","service":"nodejs-backend-architecture","timestamp":"2025-08-18T05:05:05.560Z"}
{"level":"info","message":"Server running on port 1717","service":"nodejs-backend-architecture","timestamp":"2025-08-18T05:05:20.573Z"}
{"level":"info","message":"Server running on port 1717","service":"nodejs-backend-architecture","timestamp":"2025-08-18T05:05:45.992Z"}
{"level":"info","message":"Received POST request to /api/users","service":"nodejs-backend-architecture","timestamp":"2025-08-18T05:05:50.519Z"}
{"level":"info","message":"Request body, [object Object]","service":"nodejs-backend-architecture","timestamp":"2025-08-18T05:05:50.519Z"}
{"level":"info","message":"Received POST request to /api/users","service":"nodejs-backend-architecture","timestamp":"2025-08-18T05:05:51.695Z"}
{"level":"info","message":"Request body, [object Object]","service":"nodejs-backend-architecture","timestamp":"2025-08-18T05:05:51.695Z"}
{"level":"info","message":"Received POST request to /api/users","service":"nodejs-backend-architecture","timestamp":"2025-08-18T05:05:52.575Z"}
{"level":"info","message":"Request body, [object Object]","service":"nodejs-backend-architecture","timestamp":"2025-08-18T05:05:52.575Z"}
{"level":"info","message":"Received POST request to /api/users","service":"nodejs-backend-architecture","timestamp":"2025-08-18T05:05:53.403Z"}
{"level":"info","message":"Request body, [object Object]","service":"nodejs-backend-architecture","timestamp":"2025-08-18T05:05:53.404Z"}
{"level":"info","message":"Server running on port 1717","service":"nodejs-backend-architecture","timestamp":"2025-08-18T05:06:14.973Z"}
{"level":"info","message":"Received POST request to /api/users","service":"nodejs-backend-architecture","timestamp":"2025-08-18T05:06:17.651Z"}
{"level":"info","message":"Request body, [object Object]","service":"nodejs-backend-architecture","timestamp":"2025-08-18T05:06:17.651Z"}
{"level":"info","message":"Server running on port 1717","service":"nodejs-backend-architecture","timestamp":"2025-08-18T05:06:45.408Z"}
{"level":"info","message":"Server running on port 1717","service":"nodejs-backend-architecture","timestamp":"2025-08-18T05:07:44.512Z"}
{"level":"info","message":"Received POST request to /api/users","service":"nodejs-backend-architecture","timestamp":"2025-08-18T05:07:46.356Z"}
{"level":"info","message":"Request body, [object Object]","service":"nodejs-backend-architecture","timestamp":"2025-08-18T05:07:46.357Z"}
{"level":"info","message":"Server running on port 1717","service":"nodejs-backend-architecture","timestamp":"2025-08-18T05:09:36.718Z"}
{"level":"info","message":"Received POST request to /api/users","service":"nodejs-backend-architecture","timestamp":"2025-08-18T05:09:38.840Z"}
{"level":"info","message":"Request body, [object Object]","service":"nodejs-backend-architecture","timestamp":"2025-08-18T05:09:38.840Z"}
{"level":"info","message":"Received PUT request to /api/users/10","service":"nodejs-backend-architecture","timestamp":"2025-08-18T05:09:47.200Z"}
{"level":"info","message":"Request body, [object Object]","service":"nodejs-backend-architecture","timestamp":"2025-08-18T05:09:47.200Z"}
{"level":"info","message":"Server running on port 1717","service":"nodejs-backend-architecture","timestamp":"2025-08-18T05:10:17.462Z"}
{"level":"info","message":"Received POST request to /api/users","service":"nodejs-backend-architecture","timestamp":"2025-08-18T05:10:22.695Z"}
{"level":"info","message":"Request body, [object Object]","service":"nodejs-backend-architecture","timestamp":"2025-08-18T05:10:22.696Z"}
{"level":"info","message":"Server running on port 1717","service":"nodejs-backend-architecture","timestamp":"2025-08-18T05:10:39.411Z"}
{"level":"info","message":"Server running on port 1717","service":"nodejs-backend-architecture","timestamp":"2025-08-18T05:11:43.376Z"}
{"level":"info","message":"Received POST request to /api/users","service":"nodejs-backend-architecture","timestamp":"2025-08-18T05:11:53.207Z"}
{"level":"info","message":"Request body, [object Object]","service":"nodejs-backend-architecture","timestamp":"2025-08-18T05:11:53.208Z"}
{"level":"error","message":"Internal Server Error email is not defined","service":"nodejs-backend-architecture","stack":"ReferenceError: email is not defined\n    at file:///C:/Users/JAWHEAD/OneDrive/Desktop/backend/nodejs-backend-architecture/dist/controllers/user-controller.js:12:62\n    at file:///C:/Users/JAWHEAD/OneDrive/Desktop/backend/nodejs-backend-architecture/dist/utils/async-handler.js:6:19\n    at Layer.handleRequest (C:\\Users\\JAWHEAD\\OneDrive\\Desktop\\backend\\nodejs-backend-architecture\\node_modules\\.pnpm\\router@2.2.0\\node_modules\\router\\lib\\layer.js:152:17)\n    at next (C:\\Users\\JAWHEAD\\OneDrive\\Desktop\\backend\\nodejs-backend-architecture\\node_modules\\.pnpm\\router@2.2.0\\node_modules\\router\\lib\\route.js:157:13)\n    at Route.dispatch (C:\\Users\\JAWHEAD\\OneDrive\\Desktop\\backend\\nodejs-backend-architecture\\node_modules\\.pnpm\\router@2.2.0\\node_modules\\router\\lib\\route.js:117:3)\n    at handle (C:\\Users\\JAWHEAD\\OneDrive\\Desktop\\backend\\nodejs-backend-architecture\\node_modules\\.pnpm\\router@2.2.0\\node_modules\\router\\index.js:435:11)\n    at Layer.handleRequest (C:\\Users\\JAWHEAD\\OneDrive\\Desktop\\backend\\nodejs-backend-architecture\\node_modules\\.pnpm\\router@2.2.0\\node_modules\\router\\lib\\layer.js:152:17)\n    at C:\\Users\\JAWHEAD\\OneDrive\\Desktop\\backend\\nodejs-backend-architecture\\node_modules\\.pnpm\\router@2.2.0\\node_modules\\router\\index.js:295:15\n    at processParams (C:\\Users\\JAWHEAD\\OneDrive\\Desktop\\backend\\nodejs-backend-architecture\\node_modules\\.pnpm\\router@2.2.0\\node_modules\\router\\index.js:582:12)\n    at next (C:\\Users\\JAWHEAD\\OneDrive\\Desktop\\backend\\nodejs-backend-architecture\\node_modules\\.pnpm\\router@2.2.0\\node_modules\\router\\index.js:291:5)","timestamp":"2025-08-18T05:11:53.216Z"}
{"level":"info","message":"Server running on port 1717","service":"nodejs-backend-architecture","timestamp":"2025-08-18T05:12:23.841Z"}
{"level":"info","message":"Received POST request to /api/users","service":"nodejs-backend-architecture","timestamp":"2025-08-18T05:12:26.031Z"}
{"level":"info","message":"Request body, [object Object]","service":"nodejs-backend-architecture","timestamp":"2025-08-18T05:12:26.032Z"}
{"level":"info","message":"Server running on port 1717","service":"nodejs-backend-architecture","timestamp":"2025-08-18T05:13:03.692Z"}
{"level":"info","message":"Received POST request to /api/users","service":"nodejs-backend-architecture","timestamp":"2025-08-18T05:13:07.289Z"}
{"level":"info","message":"Request body, [object Object]","service":"nodejs-backend-architecture","timestamp":"2025-08-18T05:13:07.289Z"}
{"level":"info","message":"Received PUT request to /api/users/10","service":"nodejs-backend-architecture","timestamp":"2025-08-18T05:13:09.756Z"}
{"level":"info","message":"Request body, [object Object]","service":"nodejs-backend-architecture","timestamp":"2025-08-18T05:13:09.757Z"}
{"level":"info","message":"Received DELETE request to /api/users/10","service":"nodejs-backend-architecture","timestamp":"2025-08-18T05:13:35.566Z"}
{"level":"info","message":"Request body, undefined","service":"nodejs-backend-architecture","timestamp":"2025-08-18T05:13:35.566Z"}
{"level":"info","message":"Received DELETE request to /api/users","service":"nodejs-backend-architecture","timestamp":"2025-08-18T05:13:45.367Z"}
{"level":"info","message":"Request body, undefined","service":"nodejs-backend-architecture","timestamp":"2025-08-18T05:13:45.367Z"}
{"level":"info","message":"Server running on port 1717","service":"nodejs-backend-architecture","timestamp":"2025-08-18T05:14:31.568Z"}
{"level":"info","message":"Server running on port 1717","service":"nodejs-backend-architecture","timestamp":"2025-08-18T05:14:35.125Z"}
{"level":"info","message":"Server running on port 1717","service":"nodejs-backend-architecture","timestamp":"2025-08-18T05:14:46.468Z"}
{"level":"info","message":"Server running on port 1717","service":"nodejs-backend-architecture","timestamp":"2025-08-18T05:14:59.354Z"}
{"level":"info","message":"Server running on port 1717","service":"nodejs-backend-architecture","timestamp":"2025-08-18T05:15:08.006Z"}
{"level":"info","message":"Server running on port 1717","service":"nodejs-backend-architecture","timestamp":"2025-08-18T05:15:22.655Z"}
{"level":"info","message":"Server running on port 1717","service":"nodejs-backend-architecture","timestamp":"2025-08-18T05:15:23.870Z"}
{"level":"info","message":"Received DELETE request to /api/users","service":"nodejs-backend-architecture","timestamp":"2025-08-18T05:15:27.639Z"}
{"level":"info","message":"Request body, undefined","service":"nodejs-backend-architecture","timestamp":"2025-08-18T05:15:27.639Z"}
{"0":"/","1":"a","2":"p","3":"i","4":"/","5":"u","6":"s","7":"e","8":"r","9":"s","level":"error","message":"Not Found","service":"nodejs-backend-architecture","timestamp":"2025-08-18T05:15:27.646Z"}
{"level":"info","message":"Server running on port 1717","service":"nodejs-backend-architecture","timestamp":"2025-08-18T06:50:20.827Z"}
{"level":"info","message":"Server running on port 1717","service":"nodejs-backend-architecture","timestamp":"2025-08-18T06:50:22.621Z"}
{"level":"info","message":"Received POST request to /api/users/register","service":"nodejs-backend-architecture","timestamp":"2025-08-18T06:50:27.893Z"}
{"level":"info","message":"Request body, [object Object]","service":"nodejs-backend-architecture","timestamp":"2025-08-18T06:50:27.893Z"}
{"0":"/","1":"a","10":"/","11":"r","12":"e","13":"g","14":"i","15":"s","16":"t","17":"e","18":"r","2":"p","3":"i","4":"/","5":"u","6":"s","7":"e","8":"r","9":"s","level":"error","message":"Not Found","service":"nodejs-backend-architecture","timestamp":"2025-08-18T06:50:27.900Z"}
{"level":"info","message":"Server running on port 1717","service":"nodejs-backend-architecture","timestamp":"2025-08-18T06:53:02.804Z"}
{"level":"info","message":"Received POST request to /api/user/register","service":"nodejs-backend-architecture","timestamp":"2025-08-18T06:53:08.749Z"}
{"level":"info","message":"Request body, [object Object]","service":"nodejs-backend-architecture","timestamp":"2025-08-18T06:53:08.749Z"}
{"0":"/","1":"a","10":"r","11":"e","12":"g","13":"i","14":"s","15":"t","16":"e","17":"r","2":"p","3":"i","4":"/","5":"u","6":"s","7":"e","8":"r","9":"/","level":"error","message":"Not Found","service":"nodejs-backend-architecture","timestamp":"2025-08-18T06:53:08.756Z"}
{"level":"info","message":"Server running on port 1717","service":"nodejs-backend-architecture","timestamp":"2025-08-18T06:53:26.861Z"}
{"level":"info","message":"Received POST request to /api/user/register","service":"nodejs-backend-architecture","timestamp":"2025-08-18T06:53:28.749Z"}
{"level":"info","message":"Request body, [object Object]","service":"nodejs-backend-architecture","timestamp":"2025-08-18T06:53:28.750Z"}
{"0":"/","1":"a","10":"r","11":"e","12":"g","13":"i","14":"s","15":"t","16":"e","17":"r","2":"p","3":"i","4":"/","5":"u","6":"s","7":"e","8":"r","9":"/","level":"error","message":"Not Found","service":"nodejs-backend-architecture","timestamp":"2025-08-18T06:53:28.757Z"}
{"level":"info","message":"Server running on port 1717","service":"nodejs-backend-architecture","timestamp":"2025-08-18T06:53:37.982Z"}
{"level":"info","message":"Received POST request to /api/user/register","service":"nodejs-backend-architecture","timestamp":"2025-08-18T06:53:42.225Z"}
{"level":"info","message":"Request body, [object Object]","service":"nodejs-backend-architecture","timestamp":"2025-08-18T06:53:42.226Z"}
{"0":"/","1":"a","10":"r","11":"e","12":"g","13":"i","14":"s","15":"t","16":"e","17":"r","2":"p","3":"i","4":"/","5":"u","6":"s","7":"e","8":"r","9":"/","level":"error","message":"Not Found","service":"nodejs-backend-architecture","timestamp":"2025-08-18T06:53:42.232Z"}
{"level":"info","message":"Server running on port 1717","service":"nodejs-backend-architecture","timestamp":"2025-08-18T06:53:58.136Z"}
{"level":"info","message":"Server running on port 1717","service":"nodejs-backend-architecture","timestamp":"2025-08-18T06:54:04.510Z"}
{"level":"info","message":"Received POST request to /api/user/register","service":"nodejs-backend-architecture","timestamp":"2025-08-18T06:54:07.277Z"}
{"level":"info","message":"Request body, [object Object]","service":"nodejs-backend-architecture","timestamp":"2025-08-18T06:54:07.277Z"}
{"0":":","1":":","2":"1","level":"info","message":"Registration endpoint hit...","service":"nodejs-backend-architecture","timestamp":"2025-08-18T06:54:07.285Z"}
{"clientVersion":"6.14.0","code":"P2021","level":"error","message":"Internal Server Error \nInvalid `prisma.user.create()` invocation:\n\n\nThe table `user` does not exist in the current database.","meta":{"modelName":"User","table":"user"},"name":"PrismaClientKnownRequestError","service":"nodejs-backend-architecture","stack":"PrismaClientKnownRequestError: \nInvalid `prisma.user.create()` invocation:\n\n\nThe table `user` does not exist in the current database.\n    at ei.handleRequestError (C:\\Users\\JAWHEAD\\OneDrive\\Desktop\\backend\\nodejs-backend-architecture\\node_modules\\.pnpm\\@prisma+client@6.14.0\\node_modules\\@prisma\\client\\runtime\\library.js:121:7283)\n    at ei.handleAndLogRequestError (C:\\Users\\JAWHEAD\\OneDrive\\Desktop\\backend\\nodejs-backend-architecture\\node_modules\\.pnpm\\@prisma+client@6.14.0\\node_modules\\@prisma\\client\\runtime\\library.js:121:6608)\n    at ei.request (C:\\Users\\JAWHEAD\\OneDrive\\Desktop\\backend\\nodejs-backend-architecture\\node_modules\\.pnpm\\@prisma+client@6.14.0\\node_modules\\@prisma\\client\\runtime\\library.js:121:6315)\n    at async a (C:\\Users\\JAWHEAD\\OneDrive\\Desktop\\backend\\nodejs-backend-architecture\\node_modules\\.pnpm\\@prisma+client@6.14.0\\node_modules\\@prisma\\client\\runtime\\library.js:130:9551)\n    at async file:///C:/Users/JAWHEAD/OneDrive/Desktop/backend/nodejs-backend-architecture/dist/modules/user/user-controller.js:8:18\n    at async file:///C:/Users/JAWHEAD/OneDrive/Desktop/backend/nodejs-backend-architecture/dist/utils/async-handler.js:6:13","timestamp":"2025-08-18T06:54:07.299Z"}
{"level":"info","message":"Server running on port 1717","service":"nodejs-backend-architecture","timestamp":"2025-08-18T06:58:18.857Z"}
{"level":"info","message":"Server running on port 1717","service":"nodejs-backend-architecture","timestamp":"2025-08-18T06:58:20.604Z"}
{"level":"info","message":"Received POST request to /api/user/register","service":"nodejs-backend-architecture","timestamp":"2025-08-18T06:58:25.347Z"}
{"level":"info","message":"Request body, [object Object]","service":"nodejs-backend-architecture","timestamp":"2025-08-18T06:58:25.348Z"}
{"0":":","1":":","2":"1","level":"info","message":"Registration endpoint hit...","service":"nodejs-backend-architecture","timestamp":"2025-08-18T06:58:25.355Z"}
{"0":"a","1":"7","10":"f","11":"5","12":"8","13":"-","14":"4","15":"9","16":"9","17":"2","18":"-","19":"8","2":"0","20":"9","21":"b","22":"7","23":"-","24":"b","25":"e","26":"6","27":"b","28":"3","29":"3","3":"5","30":"a","31":"e","32":"7","33":"6","34":"f","35":"0","4":"5","5":"c","6":"1","7":"a","8":"-","9":"2","level":"info","message":"User created successfully.","service":"nodejs-backend-architecture","timestamp":"2025-08-18T06:58:25.407Z"}
{"level":"info","message":"Received GET request to /api/user","service":"nodejs-backend-architecture","timestamp":"2025-08-18T06:58:52.912Z"}
{"level":"info","message":"Request body, undefined","service":"nodejs-backend-architecture","timestamp":"2025-08-18T06:58:52.912Z"}
{"0":":","1":":","2":"1","level":"info","message":"Users list endpoint hit...","service":"nodejs-backend-architecture","timestamp":"2025-08-18T06:58:52.913Z"}
{"level":"info","message":"Received POST request to /api/user/register","service":"nodejs-backend-architecture","timestamp":"2025-08-18T06:59:21.506Z"}
{"level":"info","message":"Request body, [object Object]","service":"nodejs-backend-architecture","timestamp":"2025-08-18T06:59:21.506Z"}
{"0":":","1":":","2":"1","level":"info","message":"Registration endpoint hit...","service":"nodejs-backend-architecture","timestamp":"2025-08-18T06:59:21.507Z"}
{"clientVersion":"6.14.0","code":"P2002","level":"error","message":"Internal Server Error \nInvalid `prisma.user.create()` invocation:\n\n\nUnique constraint failed on the constraint: `User_email_key`","meta":{"modelName":"User","target":"User_email_key"},"name":"PrismaClientKnownRequestError","service":"nodejs-backend-architecture","stack":"PrismaClientKnownRequestError: \nInvalid `prisma.user.create()` invocation:\n\n\nUnique constraint failed on the constraint: `User_email_key`\n    at ei.handleRequestError (C:\\Users\\JAWHEAD\\OneDrive\\Desktop\\backend\\nodejs-backend-architecture\\node_modules\\.pnpm\\@prisma+client@6.14.0\\node_modules\\@prisma\\client\\runtime\\library.js:121:7283)\n    at ei.handleAndLogRequestError (C:\\Users\\JAWHEAD\\OneDrive\\Desktop\\backend\\nodejs-backend-architecture\\node_modules\\.pnpm\\@prisma+client@6.14.0\\node_modules\\@prisma\\client\\runtime\\library.js:121:6608)\n    at ei.request (C:\\Users\\JAWHEAD\\OneDrive\\Desktop\\backend\\nodejs-backend-architecture\\node_modules\\.pnpm\\@prisma+client@6.14.0\\node_modules\\@prisma\\client\\runtime\\library.js:121:6315)\n    at async a (C:\\Users\\JAWHEAD\\OneDrive\\Desktop\\backend\\nodejs-backend-architecture\\node_modules\\.pnpm\\@prisma+client@6.14.0\\node_modules\\@prisma\\client\\runtime\\library.js:130:9551)\n    at async file:///C:/Users/JAWHEAD/OneDrive/Desktop/backend/nodejs-backend-architecture/dist/modules/user/user-controller.js:8:18\n    at async file:///C:/Users/JAWHEAD/OneDrive/Desktop/backend/nodejs-backend-architecture/dist/utils/async-handler.js:6:13","timestamp":"2025-08-18T06:59:21.551Z"}
{"level":"info","message":"Server running on port 1717","service":"nodejs-backend-architecture","timestamp":"2025-08-18T07:01:15.224Z"}
{"level":"info","message":"Server running on port 1717","service":"nodejs-backend-architecture","timestamp":"2025-08-18T07:02:21.503Z"}
{"level":"info","message":"Server running on port 1717","service":"nodejs-backend-architecture","timestamp":"2025-08-18T07:02:34.562Z"}
{"level":"info","message":"Server running on port 1717","service":"nodejs-backend-architecture","timestamp":"2025-08-18T07:03:38.281Z"}
{"level":"info","message":"Server running on port 1717","service":"nodejs-backend-architecture","timestamp":"2025-08-18T07:04:22.639Z"}
{"level":"info","message":"Server running on port 1717","service":"nodejs-backend-architecture","timestamp":"2025-08-18T07:04:24.814Z"}
{"level":"info","message":"Received POST request to /api/user/register","service":"nodejs-backend-architecture","timestamp":"2025-08-18T07:04:33.194Z"}
{"level":"info","message":"Request body, [object Object]","service":"nodejs-backend-architecture","timestamp":"2025-08-18T07:04:33.194Z"}
{"0":":","1":":","2":"1","level":"info","message":"Registration endpoint hit...","service":"nodejs-backend-architecture","timestamp":"2025-08-18T07:04:33.203Z"}
{"clientVersion":"6.14.0","code":"P2002","level":"error","message":"Internal Server Error \nInvalid `prisma.user.create()` invocation:\n\n\nUnique constraint failed on the constraint: `User_email_key`","meta":{"modelName":"User","target":"User_email_key"},"name":"PrismaClientKnownRequestError","service":"nodejs-backend-architecture","stack":"PrismaClientKnownRequestError: \nInvalid `prisma.user.create()` invocation:\n\n\nUnique constraint failed on the constraint: `User_email_key`\n    at ei.handleRequestError (C:\\Users\\JAWHEAD\\OneDrive\\Desktop\\backend\\nodejs-backend-architecture\\node_modules\\.pnpm\\@prisma+client@6.14.0\\node_modules\\@prisma\\client\\runtime\\library.js:121:7283)\n    at ei.handleAndLogRequestError (C:\\Users\\JAWHEAD\\OneDrive\\Desktop\\backend\\nodejs-backend-architecture\\node_modules\\.pnpm\\@prisma+client@6.14.0\\node_modules\\@prisma\\client\\runtime\\library.js:121:6608)\n    at ei.request (C:\\Users\\JAWHEAD\\OneDrive\\Desktop\\backend\\nodejs-backend-architecture\\node_modules\\.pnpm\\@prisma+client@6.14.0\\node_modules\\@prisma\\client\\runtime\\library.js:121:6315)\n    at async a (C:\\Users\\JAWHEAD\\OneDrive\\Desktop\\backend\\nodejs-backend-architecture\\node_modules\\.pnpm\\@prisma+client@6.14.0\\node_modules\\@prisma\\client\\runtime\\library.js:130:9551)\n    at async file:///C:/Users/JAWHEAD/OneDrive/Desktop/backend/nodejs-backend-architecture/dist/modules/user/user-controller.js:8:18\n    at async file:///C:/Users/JAWHEAD/OneDrive/Desktop/backend/nodejs-backend-architecture/dist/utils/async-handler.js:6:13","timestamp":"2025-08-18T07:04:33.216Z"}
{"level":"info","message":"Server running on port 1717","service":"nodejs-backend-architecture","timestamp":"2025-08-18T07:04:49.159Z"}
{"level":"info","message":"Server running on port 1717","service":"nodejs-backend-architecture","timestamp":"2025-08-18T07:04:51.215Z"}
{"level":"info","message":"Received POST request to /api/user/register","service":"nodejs-backend-architecture","timestamp":"2025-08-18T07:04:56.807Z"}
{"level":"info","message":"Request body, [object Object]","service":"nodejs-backend-architecture","timestamp":"2025-08-18T07:04:56.807Z"}
{"0":":","1":":","2":"1","level":"info","message":"Registration endpoint hit...","service":"nodejs-backend-architecture","timestamp":"2025-08-18T07:04:56.817Z"}
{"clientVersion":"6.14.0","code":"P2002","level":"error","message":"Internal Server Error \nInvalid `prisma.user.create()` invocation:\n\n\nUnique constraint failed on the constraint: `User_email_key`","meta":{"modelName":"User","target":"User_email_key"},"name":"PrismaClientKnownRequestError","service":"nodejs-backend-architecture","stack":"PrismaClientKnownRequestError: \nInvalid `prisma.user.create()` invocation:\n\n\nUnique constraint failed on the constraint: `User_email_key`\n    at ei.handleRequestError (C:\\Users\\JAWHEAD\\OneDrive\\Desktop\\backend\\nodejs-backend-architecture\\node_modules\\.pnpm\\@prisma+client@6.14.0\\node_modules\\@prisma\\client\\runtime\\library.js:121:7283)\n    at ei.handleAndLogRequestError (C:\\Users\\JAWHEAD\\OneDrive\\Desktop\\backend\\nodejs-backend-architecture\\node_modules\\.pnpm\\@prisma+client@6.14.0\\node_modules\\@prisma\\client\\runtime\\library.js:121:6608)\n    at ei.request (C:\\Users\\JAWHEAD\\OneDrive\\Desktop\\backend\\nodejs-backend-architecture\\node_modules\\.pnpm\\@prisma+client@6.14.0\\node_modules\\@prisma\\client\\runtime\\library.js:121:6315)\n    at async a (C:\\Users\\JAWHEAD\\OneDrive\\Desktop\\backend\\nodejs-backend-architecture\\node_modules\\.pnpm\\@prisma+client@6.14.0\\node_modules\\@prisma\\client\\runtime\\library.js:130:9551)\n    at async file:///C:/Users/JAWHEAD/OneDrive/Desktop/backend/nodejs-backend-architecture/dist/modules/user/user-controller.js:8:18\n    at async file:///C:/Users/JAWHEAD/OneDrive/Desktop/backend/nodejs-backend-architecture/dist/utils/async-handler.js:6:13","timestamp":"2025-08-18T07:04:56.833Z"}
{"level":"info","message":"Server running on port 1717","service":"nodejs-backend-architecture","timestamp":"2025-08-18T07:06:05.057Z"}
{"level":"info","message":"Server running on port 1717","service":"nodejs-backend-architecture","timestamp":"2025-08-18T07:06:18.473Z"}
{"level":"info","message":"Server running on port 1717","service":"nodejs-backend-architecture","timestamp":"2025-08-18T07:06:21.913Z"}
{"level":"info","message":"Server running on port 1717","service":"nodejs-backend-architecture","timestamp":"2025-08-18T07:06:26.329Z"}
{"level":"info","message":"Server running on port 1717","service":"nodejs-backend-architecture","timestamp":"2025-08-18T07:06:31.479Z"}
{"level":"info","message":"Server running on port 1717","service":"nodejs-backend-architecture","timestamp":"2025-08-18T07:06:43.874Z"}
{"level":"info","message":"Server running on port 1717","service":"nodejs-backend-architecture","timestamp":"2025-08-18T07:06:48.208Z"}
{"level":"info","message":"Server running on port 1717","service":"nodejs-backend-architecture","timestamp":"2025-08-18T07:07:06.010Z"}
{"level":"info","message":"Server running on port 1717","service":"nodejs-backend-architecture","timestamp":"2025-08-18T07:07:28.900Z"}
{"level":"info","message":"Server running on port 1717","service":"nodejs-backend-architecture","timestamp":"2025-08-18T07:07:31.294Z"}
{"level":"info","message":"Server running on port 1717","service":"nodejs-backend-architecture","timestamp":"2025-08-18T07:07:36.637Z"}
{"level":"info","message":"Received POST request to /api/user/register","service":"nodejs-backend-architecture","timestamp":"2025-08-18T07:07:41.376Z"}
{"level":"info","message":"Request body, [object Object]","service":"nodejs-backend-architecture","timestamp":"2025-08-18T07:07:41.377Z"}
{"0":":","1":":","2":"1","level":"info","message":"Registration endpoint hit...","service":"nodejs-backend-architecture","timestamp":"2025-08-18T07:07:41.385Z"}
{"clientVersion":"6.14.0","code":"P2002","level":"error","message":"Internal Server Error \nInvalid `prisma.user.create()` invocation:\n\n\nUnique constraint failed on the constraint: `User_email_key`","meta":{"modelName":"User","target":"User_email_key"},"name":"PrismaClientKnownRequestError","service":"nodejs-backend-architecture","stack":"PrismaClientKnownRequestError: \nInvalid `prisma.user.create()` invocation:\n\n\nUnique constraint failed on the constraint: `User_email_key`\n    at ei.handleRequestError (C:\\Users\\JAWHEAD\\OneDrive\\Desktop\\backend\\nodejs-backend-architecture\\node_modules\\.pnpm\\@prisma+client@6.14.0\\node_modules\\@prisma\\client\\runtime\\library.js:121:7283)\n    at ei.handleAndLogRequestError (C:\\Users\\JAWHEAD\\OneDrive\\Desktop\\backend\\nodejs-backend-architecture\\node_modules\\.pnpm\\@prisma+client@6.14.0\\node_modules\\@prisma\\client\\runtime\\library.js:121:6608)\n    at ei.request (C:\\Users\\JAWHEAD\\OneDrive\\Desktop\\backend\\nodejs-backend-architecture\\node_modules\\.pnpm\\@prisma+client@6.14.0\\node_modules\\@prisma\\client\\runtime\\library.js:121:6315)\n    at async a (C:\\Users\\JAWHEAD\\OneDrive\\Desktop\\backend\\nodejs-backend-architecture\\node_modules\\.pnpm\\@prisma+client@6.14.0\\node_modules\\@prisma\\client\\runtime\\library.js:130:9551)\n    at async file:///C:/Users/JAWHEAD/OneDrive/Desktop/backend/nodejs-backend-architecture/dist/modules/user/user-controller.js:8:18\n    at async file:///C:/Users/JAWHEAD/OneDrive/Desktop/backend/nodejs-backend-architecture/dist/utils/async-handler.js:6:13","timestamp":"2025-08-18T07:07:41.399Z"}
{"level":"info","message":"Server running on port 1717","service":"nodejs-backend-architecture","timestamp":"2025-08-18T07:08:21.859Z"}
{"level":"info","message":"Server running on port 1717","service":"nodejs-backend-architecture","timestamp":"2025-08-18T07:08:50.090Z"}
{"level":"info","message":"Server running on port 1717","service":"nodejs-backend-architecture","timestamp":"2025-08-18T07:08:52.025Z"}
{"level":"info","message":"Received POST request to /api/user/register","service":"nodejs-backend-architecture","timestamp":"2025-08-18T07:08:59.731Z"}
{"level":"info","message":"Request body, [object Object]","service":"nodejs-backend-architecture","timestamp":"2025-08-18T07:08:59.732Z"}
{"0":":","1":":","2":"1","level":"info","message":"Registration endpoint hit...","service":"nodejs-backend-architecture","timestamp":"2025-08-18T07:08:59.741Z"}
{"clientVersion":"6.14.0","code":"P2002","level":"error","message":"Internal Server Error \nInvalid `prisma.user.create()` invocation:\n\n\nUnique constraint failed on the constraint: `User_email_key`","meta":{"modelName":"User","target":"User_email_key"},"name":"PrismaClientKnownRequestError","service":"nodejs-backend-architecture","stack":"PrismaClientKnownRequestError: \nInvalid `prisma.user.create()` invocation:\n\n\nUnique constraint failed on the constraint: `User_email_key`\n    at ei.handleRequestError (C:\\Users\\JAWHEAD\\OneDrive\\Desktop\\backend\\nodejs-backend-architecture\\node_modules\\.pnpm\\@prisma+client@6.14.0\\node_modules\\@prisma\\client\\runtime\\library.js:121:7283)\n    at ei.handleAndLogRequestError (C:\\Users\\JAWHEAD\\OneDrive\\Desktop\\backend\\nodejs-backend-architecture\\node_modules\\.pnpm\\@prisma+client@6.14.0\\node_modules\\@prisma\\client\\runtime\\library.js:121:6608)\n    at ei.request (C:\\Users\\JAWHEAD\\OneDrive\\Desktop\\backend\\nodejs-backend-architecture\\node_modules\\.pnpm\\@prisma+client@6.14.0\\node_modules\\@prisma\\client\\runtime\\library.js:121:6315)\n    at async a (C:\\Users\\JAWHEAD\\OneDrive\\Desktop\\backend\\nodejs-backend-architecture\\node_modules\\.pnpm\\@prisma+client@6.14.0\\node_modules\\@prisma\\client\\runtime\\library.js:130:9551)\n    at async file:///C:/Users/JAWHEAD/OneDrive/Desktop/backend/nodejs-backend-architecture/dist/modules/user/user-controller.js:8:18\n    at async file:///C:/Users/JAWHEAD/OneDrive/Desktop/backend/nodejs-backend-architecture/dist/utils/async-handler.js:6:13","timestamp":"2025-08-18T07:08:59.755Z"}
{"level":"info","message":"Server running on port 1717","service":"nodejs-backend-architecture","timestamp":"2025-08-18T07:09:30.110Z"}
{"level":"info","message":"Received POST request to /api/user/register","service":"nodejs-backend-architecture","timestamp":"2025-08-18T07:09:44.657Z"}
{"level":"info","message":"Request body, [object Object]","service":"nodejs-backend-architecture","timestamp":"2025-08-18T07:09:44.658Z"}
{"0":":","1":":","2":"1","level":"info","message":"Registration endpoint hit...","service":"nodejs-backend-architecture","timestamp":"2025-08-18T07:09:44.665Z"}
{"clientVersion":"6.14.0","code":"P2002","level":"error","message":"Internal Server Error \nInvalid `prisma.user.create()` invocation:\n\n\nUnique constraint failed on the constraint: `User_email_key`","meta":{"modelName":"User","target":"User_email_key"},"name":"PrismaClientKnownRequestError","service":"nodejs-backend-architecture","stack":"PrismaClientKnownRequestError: \nInvalid `prisma.user.create()` invocation:\n\n\nUnique constraint failed on the constraint: `User_email_key`\n    at ei.handleRequestError (C:\\Users\\JAWHEAD\\OneDrive\\Desktop\\backend\\nodejs-backend-architecture\\node_modules\\.pnpm\\@prisma+client@6.14.0\\node_modules\\@prisma\\client\\runtime\\library.js:121:7283)\n    at ei.handleAndLogRequestError (C:\\Users\\JAWHEAD\\OneDrive\\Desktop\\backend\\nodejs-backend-architecture\\node_modules\\.pnpm\\@prisma+client@6.14.0\\node_modules\\@prisma\\client\\runtime\\library.js:121:6608)\n    at ei.request (C:\\Users\\JAWHEAD\\OneDrive\\Desktop\\backend\\nodejs-backend-architecture\\node_modules\\.pnpm\\@prisma+client@6.14.0\\node_modules\\@prisma\\client\\runtime\\library.js:121:6315)\n    at async a (C:\\Users\\JAWHEAD\\OneDrive\\Desktop\\backend\\nodejs-backend-architecture\\node_modules\\.pnpm\\@prisma+client@6.14.0\\node_modules\\@prisma\\client\\runtime\\library.js:130:9551)\n    at async file:///C:/Users/JAWHEAD/OneDrive/Desktop/backend/nodejs-backend-architecture/dist/modules/user/user-controller.js:8:18\n    at async file:///C:/Users/JAWHEAD/OneDrive/Desktop/backend/nodejs-backend-architecture/dist/utils/async-handler.js:6:13","timestamp":"2025-08-18T07:09:44.679Z"}
{"level":"info","message":"Server running on port 1717","service":"nodejs-backend-architecture","timestamp":"2025-08-18T07:10:26.131Z"}
{"level":"info","message":"Received POST request to /api/user/register","service":"nodejs-backend-architecture","timestamp":"2025-08-18T07:10:33.959Z"}
{"level":"info","message":"Request body, [object Object]","service":"nodejs-backend-architecture","timestamp":"2025-08-18T07:10:33.960Z"}
{"0":":","1":":","2":"1","level":"info","message":"Registration endpoint hit...","service":"nodejs-backend-architecture","timestamp":"2025-08-18T07:10:33.967Z"}
{"clientVersion":"6.14.0","code":"P2002","level":"error","message":"Internal Server Error \nInvalid `prisma.user.create()` invocation:\n\n\nUnique constraint failed on the constraint: `User_email_key`","meta":{"modelName":"User","target":"User_email_key"},"name":"PrismaClientKnownRequestError","service":"nodejs-backend-architecture","stack":"PrismaClientKnownRequestError: \nInvalid `prisma.user.create()` invocation:\n\n\nUnique constraint failed on the constraint: `User_email_key`\n    at ei.handleRequestError (C:\\Users\\JAWHEAD\\OneDrive\\Desktop\\backend\\nodejs-backend-architecture\\node_modules\\.pnpm\\@prisma+client@6.14.0\\node_modules\\@prisma\\client\\runtime\\library.js:121:7283)\n    at ei.handleAndLogRequestError (C:\\Users\\JAWHEAD\\OneDrive\\Desktop\\backend\\nodejs-backend-architecture\\node_modules\\.pnpm\\@prisma+client@6.14.0\\node_modules\\@prisma\\client\\runtime\\library.js:121:6608)\n    at ei.request (C:\\Users\\JAWHEAD\\OneDrive\\Desktop\\backend\\nodejs-backend-architecture\\node_modules\\.pnpm\\@prisma+client@6.14.0\\node_modules\\@prisma\\client\\runtime\\library.js:121:6315)\n    at async a (C:\\Users\\JAWHEAD\\OneDrive\\Desktop\\backend\\nodejs-backend-architecture\\node_modules\\.pnpm\\@prisma+client@6.14.0\\node_modules\\@prisma\\client\\runtime\\library.js:130:9551)\n    at async file:///C:/Users/JAWHEAD/OneDrive/Desktop/backend/nodejs-backend-architecture/dist/modules/user/user-controller.js:8:18\n    at async file:///C:/Users/JAWHEAD/OneDrive/Desktop/backend/nodejs-backend-architecture/dist/utils/async-handler.js:6:13","timestamp":"2025-08-18T07:10:33.980Z"}
{"level":"info","message":"Server running on port 1717","service":"nodejs-backend-architecture","timestamp":"2025-08-18T07:11:03.001Z"}
{"level":"info","message":"Server running on port 1717","service":"nodejs-backend-architecture","timestamp":"2025-08-18T07:11:05.679Z"}
{"level":"info","message":"Received POST request to /api/user/register","service":"nodejs-backend-architecture","timestamp":"2025-08-18T07:11:10.375Z"}
{"level":"info","message":"Request body, [object Object]","service":"nodejs-backend-architecture","timestamp":"2025-08-18T07:11:10.376Z"}
{"0":":","1":":","2":"1","level":"info","message":"Registration endpoint hit...","service":"nodejs-backend-architecture","timestamp":"2025-08-18T07:11:10.383Z"}
{"clientVersion":"6.14.0","code":"P2002","level":"error","message":"Internal Server Error \nInvalid `prisma.user.create()` invocation:\n\n\nUnique constraint failed on the constraint: `User_email_key`","meta":{"modelName":"User","target":"User_email_key"},"name":"PrismaClientKnownRequestError","service":"nodejs-backend-architecture","stack":"PrismaClientKnownRequestError: \nInvalid `prisma.user.create()` invocation:\n\n\nUnique constraint failed on the constraint: `User_email_key`\n    at ei.handleRequestError (C:\\Users\\JAWHEAD\\OneDrive\\Desktop\\backend\\nodejs-backend-architecture\\node_modules\\.pnpm\\@prisma+client@6.14.0\\node_modules\\@prisma\\client\\runtime\\library.js:121:7283)\n    at ei.handleAndLogRequestError (C:\\Users\\JAWHEAD\\OneDrive\\Desktop\\backend\\nodejs-backend-architecture\\node_modules\\.pnpm\\@prisma+client@6.14.0\\node_modules\\@prisma\\client\\runtime\\library.js:121:6608)\n    at ei.request (C:\\Users\\JAWHEAD\\OneDrive\\Desktop\\backend\\nodejs-backend-architecture\\node_modules\\.pnpm\\@prisma+client@6.14.0\\node_modules\\@prisma\\client\\runtime\\library.js:121:6315)\n    at async a (C:\\Users\\JAWHEAD\\OneDrive\\Desktop\\backend\\nodejs-backend-architecture\\node_modules\\.pnpm\\@prisma+client@6.14.0\\node_modules\\@prisma\\client\\runtime\\library.js:130:9551)\n    at async file:///C:/Users/JAWHEAD/OneDrive/Desktop/backend/nodejs-backend-architecture/dist/modules/user/user-controller.js:8:18\n    at async file:///C:/Users/JAWHEAD/OneDrive/Desktop/backend/nodejs-backend-architecture/dist/utils/async-handler.js:6:13","timestamp":"2025-08-18T07:11:10.397Z"}
{"level":"info","message":"Server running on port 1717","service":"nodejs-backend-architecture","timestamp":"2025-08-18T07:11:45.614Z"}
{"level":"info","message":"Server running on port 1717","service":"nodejs-backend-architecture","timestamp":"2025-08-18T07:11:47.361Z"}
{"level":"info","message":"Received POST request to /api/user/register","service":"nodejs-backend-architecture","timestamp":"2025-08-18T07:11:50.331Z"}
{"level":"info","message":"Request body, [object Object]","service":"nodejs-backend-architecture","timestamp":"2025-08-18T07:11:50.331Z"}
{"0":":","1":":","2":"1","level":"info","message":"Registration endpoint hit...","service":"nodejs-backend-architecture","timestamp":"2025-08-18T07:11:50.342Z"}
{"clientVersion":"6.14.0","code":"P2002","level":"error","message":"Internal Server Error \nInvalid `prisma.user.create()` invocation:\n\n\nUnique constraint failed on the constraint: `User_email_key`","meta":{"modelName":"User","target":"User_email_key"},"name":"PrismaClientKnownRequestError","service":"nodejs-backend-architecture","stack":"PrismaClientKnownRequestError: \nInvalid `prisma.user.create()` invocation:\n\n\nUnique constraint failed on the constraint: `User_email_key`\n    at ei.handleRequestError (C:\\Users\\JAWHEAD\\OneDrive\\Desktop\\backend\\nodejs-backend-architecture\\node_modules\\.pnpm\\@prisma+client@6.14.0\\node_modules\\@prisma\\client\\runtime\\library.js:121:7283)\n    at ei.handleAndLogRequestError (C:\\Users\\JAWHEAD\\OneDrive\\Desktop\\backend\\nodejs-backend-architecture\\node_modules\\.pnpm\\@prisma+client@6.14.0\\node_modules\\@prisma\\client\\runtime\\library.js:121:6608)\n    at ei.request (C:\\Users\\JAWHEAD\\OneDrive\\Desktop\\backend\\nodejs-backend-architecture\\node_modules\\.pnpm\\@prisma+client@6.14.0\\node_modules\\@prisma\\client\\runtime\\library.js:121:6315)\n    at async a (C:\\Users\\JAWHEAD\\OneDrive\\Desktop\\backend\\nodejs-backend-architecture\\node_modules\\.pnpm\\@prisma+client@6.14.0\\node_modules\\@prisma\\client\\runtime\\library.js:130:9551)\n    at async file:///C:/Users/JAWHEAD/OneDrive/Desktop/backend/nodejs-backend-architecture/dist/modules/user/user-controller.js:8:18\n    at async file:///C:/Users/JAWHEAD/OneDrive/Desktop/backend/nodejs-backend-architecture/dist/utils/async-handler.js:6:13","timestamp":"2025-08-18T07:11:50.359Z"}
{"level":"info","message":"Server running on port 1717","service":"nodejs-backend-architecture","timestamp":"2025-08-18T07:12:06.867Z"}
{"level":"info","message":"Received POST request to /api/user/register","service":"nodejs-backend-architecture","timestamp":"2025-08-18T07:12:11.530Z"}
{"level":"info","message":"Request body, [object Object]","service":"nodejs-backend-architecture","timestamp":"2025-08-18T07:12:11.530Z"}
{"0":":","1":":","2":"1","level":"info","message":"Registration endpoint hit...","service":"nodejs-backend-architecture","timestamp":"2025-08-18T07:12:11.538Z"}
{"clientVersion":"6.14.0","code":"P2002","level":"error","message":"Internal Server Error \nInvalid `prisma.user.create()` invocation:\n\n\nUnique constraint failed on the constraint: `User_email_key`","meta":{"modelName":"User","target":"User_email_key"},"name":"PrismaClientKnownRequestError","service":"nodejs-backend-architecture","stack":"PrismaClientKnownRequestError: \nInvalid `prisma.user.create()` invocation:\n\n\nUnique constraint failed on the constraint: `User_email_key`\n    at ei.handleRequestError (C:\\Users\\JAWHEAD\\OneDrive\\Desktop\\backend\\nodejs-backend-architecture\\node_modules\\.pnpm\\@prisma+client@6.14.0\\node_modules\\@prisma\\client\\runtime\\library.js:121:7283)\n    at ei.handleAndLogRequestError (C:\\Users\\JAWHEAD\\OneDrive\\Desktop\\backend\\nodejs-backend-architecture\\node_modules\\.pnpm\\@prisma+client@6.14.0\\node_modules\\@prisma\\client\\runtime\\library.js:121:6608)\n    at ei.request (C:\\Users\\JAWHEAD\\OneDrive\\Desktop\\backend\\nodejs-backend-architecture\\node_modules\\.pnpm\\@prisma+client@6.14.0\\node_modules\\@prisma\\client\\runtime\\library.js:121:6315)\n    at async a (C:\\Users\\JAWHEAD\\OneDrive\\Desktop\\backend\\nodejs-backend-architecture\\node_modules\\.pnpm\\@prisma+client@6.14.0\\node_modules\\@prisma\\client\\runtime\\library.js:130:9551)\n    at async file:///C:/Users/JAWHEAD/OneDrive/Desktop/backend/nodejs-backend-architecture/dist/modules/user/user-controller.js:8:18\n    at async file:///C:/Users/JAWHEAD/OneDrive/Desktop/backend/nodejs-backend-architecture/dist/utils/async-handler.js:6:13","timestamp":"2025-08-18T07:12:11.603Z"}
{"level":"info","message":"Server running on port 1717","service":"nodejs-backend-architecture","timestamp":"2025-08-18T07:12:26.942Z"}
{"level":"info","message":"Received POST request to /api/user/register","service":"nodejs-backend-architecture","timestamp":"2025-08-18T07:12:30.614Z"}
{"level":"info","message":"Request body, [object Object]","service":"nodejs-backend-architecture","timestamp":"2025-08-18T07:12:30.615Z"}
{"0":":","1":":","2":"1","level":"info","message":"Registration endpoint hit...","service":"nodejs-backend-architecture","timestamp":"2025-08-18T07:12:30.622Z"}
{"clientVersion":"6.14.0","code":"P2002","level":"error","message":"Internal Server Error \nInvalid `prisma.user.create()` invocation:\n\n\nUnique constraint failed on the constraint: `User_email_key`","meta":{"modelName":"User","target":"User_email_key"},"name":"PrismaClientKnownRequestError","service":"nodejs-backend-architecture","stack":"PrismaClientKnownRequestError: \nInvalid `prisma.user.create()` invocation:\n\n\nUnique constraint failed on the constraint: `User_email_key`\n    at ei.handleRequestError (C:\\Users\\JAWHEAD\\OneDrive\\Desktop\\backend\\nodejs-backend-architecture\\node_modules\\.pnpm\\@prisma+client@6.14.0\\node_modules\\@prisma\\client\\runtime\\library.js:121:7283)\n    at ei.handleAndLogRequestError (C:\\Users\\JAWHEAD\\OneDrive\\Desktop\\backend\\nodejs-backend-architecture\\node_modules\\.pnpm\\@prisma+client@6.14.0\\node_modules\\@prisma\\client\\runtime\\library.js:121:6608)\n    at ei.request (C:\\Users\\JAWHEAD\\OneDrive\\Desktop\\backend\\nodejs-backend-architecture\\node_modules\\.pnpm\\@prisma+client@6.14.0\\node_modules\\@prisma\\client\\runtime\\library.js:121:6315)\n    at async a (C:\\Users\\JAWHEAD\\OneDrive\\Desktop\\backend\\nodejs-backend-architecture\\node_modules\\.pnpm\\@prisma+client@6.14.0\\node_modules\\@prisma\\client\\runtime\\library.js:130:9551)\n    at async file:///C:/Users/JAWHEAD/OneDrive/Desktop/backend/nodejs-backend-architecture/dist/modules/user/user-controller.js:8:18\n    at async file:///C:/Users/JAWHEAD/OneDrive/Desktop/backend/nodejs-backend-architecture/dist/utils/async-handler.js:6:13","timestamp":"2025-08-18T07:12:30.660Z"}
{"level":"info","message":"Server running on port 1717","service":"nodejs-backend-architecture","timestamp":"2025-08-18T07:13:03.195Z"}
{"level":"info","message":"Server running on port 1717","service":"nodejs-backend-architecture","timestamp":"2025-08-18T07:13:05.043Z"}
{"level":"info","message":"Received POST request to /api/user/register","service":"nodejs-backend-architecture","timestamp":"2025-08-18T07:13:08.184Z"}
{"level":"info","message":"Request body, [object Object]","service":"nodejs-backend-architecture","timestamp":"2025-08-18T07:13:08.184Z"}
{"0":":","1":":","2":"1","level":"info","message":"Registration endpoint hit...","service":"nodejs-backend-architecture","timestamp":"2025-08-18T07:13:08.192Z"}
{"clientVersion":"6.14.0","code":"P2002","level":"error","message":"Internal Server Error \nInvalid `prisma.user.create()` invocation:\n\n\nUnique constraint failed on the constraint: `User_email_key`","meta":{"modelName":"User","target":"User_email_key"},"name":"PrismaClientKnownRequestError","service":"nodejs-backend-architecture","stack":"PrismaClientKnownRequestError: \nInvalid `prisma.user.create()` invocation:\n\n\nUnique constraint failed on the constraint: `User_email_key`\n    at ei.handleRequestError (C:\\Users\\JAWHEAD\\OneDrive\\Desktop\\backend\\nodejs-backend-architecture\\node_modules\\.pnpm\\@prisma+client@6.14.0\\node_modules\\@prisma\\client\\runtime\\library.js:121:7283)\n    at ei.handleAndLogRequestError (C:\\Users\\JAWHEAD\\OneDrive\\Desktop\\backend\\nodejs-backend-architecture\\node_modules\\.pnpm\\@prisma+client@6.14.0\\node_modules\\@prisma\\client\\runtime\\library.js:121:6608)\n    at ei.request (C:\\Users\\JAWHEAD\\OneDrive\\Desktop\\backend\\nodejs-backend-architecture\\node_modules\\.pnpm\\@prisma+client@6.14.0\\node_modules\\@prisma\\client\\runtime\\library.js:121:6315)\n    at async a (C:\\Users\\JAWHEAD\\OneDrive\\Desktop\\backend\\nodejs-backend-architecture\\node_modules\\.pnpm\\@prisma+client@6.14.0\\node_modules\\@prisma\\client\\runtime\\library.js:130:9551)\n    at async file:///C:/Users/JAWHEAD/OneDrive/Desktop/backend/nodejs-backend-architecture/dist/modules/user/user-controller.js:8:18\n    at async file:///C:/Users/JAWHEAD/OneDrive/Desktop/backend/nodejs-backend-architecture/dist/utils/async-handler.js:6:13","timestamp":"2025-08-18T07:13:08.204Z"}
{"level":"info","message":"Server running on port 1717","service":"nodejs-backend-architecture","timestamp":"2025-08-18T07:13:36.526Z"}
{"level":"info","message":"Received POST request to /api/user/register","service":"nodejs-backend-architecture","timestamp":"2025-08-18T07:13:41.788Z"}
{"level":"info","message":"Request body, [object Object]","service":"nodejs-backend-architecture","timestamp":"2025-08-18T07:13:41.788Z"}
{"0":":","1":":","2":"1","level":"info","message":"Registration endpoint hit...","service":"nodejs-backend-architecture","timestamp":"2025-08-18T07:13:41.796Z"}
{"clientVersion":"6.14.0","code":"P2002","level":"error","message":"Internal Server Error \nInvalid `prisma.user.create()` invocation:\n\n\nUnique constraint failed on the constraint: `User_email_key`","meta":{"modelName":"User","target":"User_email_key"},"name":"PrismaClientKnownRequestError","service":"nodejs-backend-architecture","stack":"PrismaClientKnownRequestError: \nInvalid `prisma.user.create()` invocation:\n\n\nUnique constraint failed on the constraint: `User_email_key`\n    at ei.handleRequestError (C:\\Users\\JAWHEAD\\OneDrive\\Desktop\\backend\\nodejs-backend-architecture\\node_modules\\.pnpm\\@prisma+client@6.14.0\\node_modules\\@prisma\\client\\runtime\\library.js:121:7283)\n    at ei.handleAndLogRequestError (C:\\Users\\JAWHEAD\\OneDrive\\Desktop\\backend\\nodejs-backend-architecture\\node_modules\\.pnpm\\@prisma+client@6.14.0\\node_modules\\@prisma\\client\\runtime\\library.js:121:6608)\n    at ei.request (C:\\Users\\JAWHEAD\\OneDrive\\Desktop\\backend\\nodejs-backend-architecture\\node_modules\\.pnpm\\@prisma+client@6.14.0\\node_modules\\@prisma\\client\\runtime\\library.js:121:6315)\n    at async a (C:\\Users\\JAWHEAD\\OneDrive\\Desktop\\backend\\nodejs-backend-architecture\\node_modules\\.pnpm\\@prisma+client@6.14.0\\node_modules\\@prisma\\client\\runtime\\library.js:130:9551)\n    at async file:///C:/Users/JAWHEAD/OneDrive/Desktop/backend/nodejs-backend-architecture/dist/modules/user/user-controller.js:8:18\n    at async file:///C:/Users/JAWHEAD/OneDrive/Desktop/backend/nodejs-backend-architecture/dist/utils/async-handler.js:6:13","timestamp":"2025-08-18T07:13:41.810Z"}
{"level":"info","message":"Server running on port 1717","service":"nodejs-backend-architecture","timestamp":"2025-08-18T07:15:45.977Z"}
{"level":"info","message":"Server running on port 1717","service":"nodejs-backend-architecture","timestamp":"2025-08-18T07:15:48.275Z"}
{"level":"info","message":"Received POST request to /api/user/register","service":"nodejs-backend-architecture","timestamp":"2025-08-18T07:15:53.888Z"}
{"level":"info","message":"Request body, [object Object]","service":"nodejs-backend-architecture","timestamp":"2025-08-18T07:15:53.889Z"}
{"0":":","1":":","2":"1","level":"info","message":"Registration endpoint hit...","service":"nodejs-backend-architecture","timestamp":"2025-08-18T07:15:53.897Z"}
{"clientVersion":"6.14.0","code":"P2002","level":"error","message":"Internal Server Error \nInvalid `prisma.user.create()` invocation:\n\n\nUnique constraint failed on the constraint: `User_email_key`","meta":{"modelName":"User","target":"User_email_key"},"name":"PrismaClientKnownRequestError","service":"nodejs-backend-architecture","stack":"PrismaClientKnownRequestError: \nInvalid `prisma.user.create()` invocation:\n\n\nUnique constraint failed on the constraint: `User_email_key`\n    at ei.handleRequestError (C:\\Users\\JAWHEAD\\OneDrive\\Desktop\\backend\\nodejs-backend-architecture\\node_modules\\.pnpm\\@prisma+client@6.14.0\\node_modules\\@prisma\\client\\runtime\\library.js:121:7283)\n    at ei.handleAndLogRequestError (C:\\Users\\JAWHEAD\\OneDrive\\Desktop\\backend\\nodejs-backend-architecture\\node_modules\\.pnpm\\@prisma+client@6.14.0\\node_modules\\@prisma\\client\\runtime\\library.js:121:6608)\n    at ei.request (C:\\Users\\JAWHEAD\\OneDrive\\Desktop\\backend\\nodejs-backend-architecture\\node_modules\\.pnpm\\@prisma+client@6.14.0\\node_modules\\@prisma\\client\\runtime\\library.js:121:6315)\n    at async a (C:\\Users\\JAWHEAD\\OneDrive\\Desktop\\backend\\nodejs-backend-architecture\\node_modules\\.pnpm\\@prisma+client@6.14.0\\node_modules\\@prisma\\client\\runtime\\library.js:130:9551)\n    at async file:///C:/Users/JAWHEAD/OneDrive/Desktop/backend/nodejs-backend-architecture/dist/modules/user/user-controller.js:8:18\n    at async file:///C:/Users/JAWHEAD/OneDrive/Desktop/backend/nodejs-backend-architecture/dist/utils/async-handler.js:6:13","timestamp":"2025-08-18T07:15:53.909Z"}
{"level":"info","message":"Server running on port 1717","service":"nodejs-backend-architecture","timestamp":"2025-08-18T07:16:43.614Z"}
{"level":"info","message":"Received POST request to /api/user/register","service":"nodejs-backend-architecture","timestamp":"2025-08-18T07:16:47.316Z"}
{"level":"info","message":"Request body, [object Object]","service":"nodejs-backend-architecture","timestamp":"2025-08-18T07:16:47.316Z"}
{"0":":","1":":","2":"1","level":"info","message":"Registration endpoint hit...","service":"nodejs-backend-architecture","timestamp":"2025-08-18T07:16:47.324Z"}
{"level":"info","message":"Server running on port 1717","service":"nodejs-backend-architecture","timestamp":"2025-08-18T07:17:21.101Z"}
{"level":"info","message":"Received POST request to /api/user/register","service":"nodejs-backend-architecture","timestamp":"2025-08-18T07:17:23.291Z"}
{"level":"info","message":"Request body, [object Object]","service":"nodejs-backend-architecture","timestamp":"2025-08-18T07:17:23.292Z"}
{"0":":","1":":","2":"1","level":"info","message":"Registration endpoint hit...","service":"nodejs-backend-architecture","timestamp":"2025-08-18T07:17:23.300Z"}
{"clientVersion":"6.14.0","code":"P2002","level":"error","message":"Internal Server Error \nInvalid `prisma.user.create()` invocation:\n\n\nUnique constraint failed on the constraint: `User_email_key`","meta":{"modelName":"User","target":"User_email_key"},"name":"PrismaClientKnownRequestError","service":"nodejs-backend-architecture","stack":"PrismaClientKnownRequestError: \nInvalid `prisma.user.create()` invocation:\n\n\nUnique constraint failed on the constraint: `User_email_key`\n    at ei.handleRequestError (C:\\Users\\JAWHEAD\\OneDrive\\Desktop\\backend\\nodejs-backend-architecture\\node_modules\\.pnpm\\@prisma+client@6.14.0\\node_modules\\@prisma\\client\\runtime\\library.js:121:7283)\n    at ei.handleAndLogRequestError (C:\\Users\\JAWHEAD\\OneDrive\\Desktop\\backend\\nodejs-backend-architecture\\node_modules\\.pnpm\\@prisma+client@6.14.0\\node_modules\\@prisma\\client\\runtime\\library.js:121:6608)\n    at ei.request (C:\\Users\\JAWHEAD\\OneDrive\\Desktop\\backend\\nodejs-backend-architecture\\node_modules\\.pnpm\\@prisma+client@6.14.0\\node_modules\\@prisma\\client\\runtime\\library.js:121:6315)\n    at async a (C:\\Users\\JAWHEAD\\OneDrive\\Desktop\\backend\\nodejs-backend-architecture\\node_modules\\.pnpm\\@prisma+client@6.14.0\\node_modules\\@prisma\\client\\runtime\\library.js:130:9551)\n    at async file:///C:/Users/JAWHEAD/OneDrive/Desktop/backend/nodejs-backend-architecture/dist/modules/user/user-controller.js:8:18\n    at async file:///C:/Users/JAWHEAD/OneDrive/Desktop/backend/nodejs-backend-architecture/dist/utils/async-handler.js:6:13","timestamp":"2025-08-18T07:17:23.313Z"}
{"level":"info","message":"Server running on port 1717","service":"nodejs-backend-architecture","timestamp":"2025-08-18T07:20:50.935Z"}
{"level":"info","message":"Received POST request to /api/user/register","service":"nodejs-backend-architecture","timestamp":"2025-08-18T07:20:54.465Z"}
{"level":"info","message":"Request body, [object Object]","service":"nodejs-backend-architecture","timestamp":"2025-08-18T07:20:54.465Z"}
{"0":":","1":":","2":"1","level":"info","message":"Registration endpoint hit...","service":"nodejs-backend-architecture","timestamp":"2025-08-18T07:20:54.473Z"}
{"clientVersion":"6.14.0","code":"P2002","level":"error","message":"Internal Server Error \nInvalid `prisma.user.create()` invocation:\n\n\nUnique constraint failed on the constraint: `User_email_key`","meta":{"modelName":"User","target":"User_email_key"},"name":"PrismaClientKnownRequestError","service":"nodejs-backend-architecture","stack":"PrismaClientKnownRequestError: \nInvalid `prisma.user.create()` invocation:\n\n\nUnique constraint failed on the constraint: `User_email_key`\n    at ei.handleRequestError (C:\\Users\\JAWHEAD\\OneDrive\\Desktop\\backend\\nodejs-backend-architecture\\node_modules\\.pnpm\\@prisma+client@6.14.0\\node_modules\\@prisma\\client\\runtime\\library.js:121:7283)\n    at ei.handleAndLogRequestError (C:\\Users\\JAWHEAD\\OneDrive\\Desktop\\backend\\nodejs-backend-architecture\\node_modules\\.pnpm\\@prisma+client@6.14.0\\node_modules\\@prisma\\client\\runtime\\library.js:121:6608)\n    at ei.request (C:\\Users\\JAWHEAD\\OneDrive\\Desktop\\backend\\nodejs-backend-architecture\\node_modules\\.pnpm\\@prisma+client@6.14.0\\node_modules\\@prisma\\client\\runtime\\library.js:121:6315)\n    at async a (C:\\Users\\JAWHEAD\\OneDrive\\Desktop\\backend\\nodejs-backend-architecture\\node_modules\\.pnpm\\@prisma+client@6.14.0\\node_modules\\@prisma\\client\\runtime\\library.js:130:9551)\n    at async file:///C:/Users/JAWHEAD/OneDrive/Desktop/backend/nodejs-backend-architecture/dist/modules/user/user-controller.js:8:18\n    at async file:///C:/Users/JAWHEAD/OneDrive/Desktop/backend/nodejs-backend-architecture/dist/utils/async-handler.js:6:13","timestamp":"2025-08-18T07:20:54.486Z"}
{"level":"info","message":"Server running on port 1717","service":"nodejs-backend-architecture","timestamp":"2025-08-18T07:21:10.075Z"}
{"level":"info","message":"Server running on port 1717","service":"nodejs-backend-architecture","timestamp":"2025-08-18T07:24:46.802Z"}
{"level":"info","message":"Server running on port 1717","service":"nodejs-backend-architecture","timestamp":"2025-08-18T07:24:56.936Z"}
{"level":"info","message":"Received POST request to /api/user/register","service":"nodejs-backend-architecture","timestamp":"2025-08-18T07:25:01.851Z"}
{"level":"info","message":"Request body, [object Object]","service":"nodejs-backend-architecture","timestamp":"2025-08-18T07:25:01.852Z"}
{"0":":","1":":","2":"1","level":"info","message":"Registration endpoint hit...","service":"nodejs-backend-architecture","timestamp":"2025-08-18T07:25:01.860Z"}
{"clientVersion":"6.14.0","code":"P2002","level":"error","message":"Internal Server Error \nInvalid `prisma.user.create()` invocation:\n\n\nUnique constraint failed on the constraint: `User_email_key`","meta":{"modelName":"User","target":"User_email_key"},"name":"PrismaClientKnownRequestError","service":"nodejs-backend-architecture","stack":"PrismaClientKnownRequestError: \nInvalid `prisma.user.create()` invocation:\n\n\nUnique constraint failed on the constraint: `User_email_key`\n    at ei.handleRequestError (C:\\Users\\JAWHEAD\\OneDrive\\Desktop\\backend\\nodejs-backend-architecture\\node_modules\\.pnpm\\@prisma+client@6.14.0\\node_modules\\@prisma\\client\\runtime\\library.js:121:7283)\n    at ei.handleAndLogRequestError (C:\\Users\\JAWHEAD\\OneDrive\\Desktop\\backend\\nodejs-backend-architecture\\node_modules\\.pnpm\\@prisma+client@6.14.0\\node_modules\\@prisma\\client\\runtime\\library.js:121:6608)\n    at ei.request (C:\\Users\\JAWHEAD\\OneDrive\\Desktop\\backend\\nodejs-backend-architecture\\node_modules\\.pnpm\\@prisma+client@6.14.0\\node_modules\\@prisma\\client\\runtime\\library.js:121:6315)\n    at async a (C:\\Users\\JAWHEAD\\OneDrive\\Desktop\\backend\\nodejs-backend-architecture\\node_modules\\.pnpm\\@prisma+client@6.14.0\\node_modules\\@prisma\\client\\runtime\\library.js:130:9551)\n    at async file:///C:/Users/JAWHEAD/OneDrive/Desktop/backend/nodejs-backend-architecture/dist/modules/user/user-controller.js:8:18\n    at async file:///C:/Users/JAWHEAD/OneDrive/Desktop/backend/nodejs-backend-architecture/dist/utils/async-handler.js:6:13","timestamp":"2025-08-18T07:25:01.873Z"}
{"level":"error","message":"PrismaClientKnownRequestError: \nInvalid `prisma.user.create()` invocation:\n\n\nUnique constraint failed on the constraint: `User_email_key`\n    at ei.handleRequestError (C:\\Users\\JAWHEAD\\OneDrive\\Desktop\\backend\\nodejs-backend-architecture\\node_modules\\.pnpm\\@prisma+client@6.14.0\\node_modules\\@prisma\\client\\runtime\\library.js:121:7283)\n    at ei.handleAndLogRequestError (C:\\Users\\JAWHEAD\\OneDrive\\Desktop\\backend\\nodejs-backend-architecture\\node_modules\\.pnpm\\@prisma+client@6.14.0\\node_modules\\@prisma\\client\\runtime\\library.js:121:6608)\n    at ei.request (C:\\Users\\JAWHEAD\\OneDrive\\Desktop\\backend\\nodejs-backend-architecture\\node_modules\\.pnpm\\@prisma+client@6.14.0\\node_modules\\@prisma\\client\\runtime\\library.js:121:6315)\n    at async a (C:\\Users\\JAWHEAD\\OneDrive\\Desktop\\backend\\nodejs-backend-architecture\\node_modules\\.pnpm\\@prisma+client@6.14.0\\node_modules\\@prisma\\client\\runtime\\library.js:130:9551)\n    at async file:///C:/Users/JAWHEAD/OneDrive/Desktop/backend/nodejs-backend-architecture/dist/modules/user/user-controller.js:8:18\n    at async file:///C:/Users/JAWHEAD/OneDrive/Desktop/backend/nodejs-backend-architecture/dist/utils/async-handler.js:6:13","service":"nodejs-backend-architecture","timestamp":"2025-08-18T07:25:01.874Z"}
{"level":"info","message":"Server running on port 1717","service":"nodejs-backend-architecture","timestamp":"2025-08-18T07:25:33.234Z"}
{"level":"info","message":"Server running on port 1717","service":"nodejs-backend-architecture","timestamp":"2025-08-18T07:25:41.059Z"}
{"level":"info","message":"Received POST request to /api/user/register","service":"nodejs-backend-architecture","timestamp":"2025-08-18T07:25:43.599Z"}
{"level":"info","message":"Request body, [object Object]","service":"nodejs-backend-architecture","timestamp":"2025-08-18T07:25:43.600Z"}
{"0":":","1":":","2":"1","level":"info","message":"Registration endpoint hit...","service":"nodejs-backend-architecture","timestamp":"2025-08-18T07:25:43.608Z"}
{"level":"error","message":"PrismaClientKnownRequestError: \nInvalid `prisma.user.create()` invocation:\n\n\nUnique constraint failed on the constraint: `User_email_key`\n    at ei.handleRequestError (C:\\Users\\JAWHEAD\\OneDrive\\Desktop\\backend\\nodejs-backend-architecture\\node_modules\\.pnpm\\@prisma+client@6.14.0\\node_modules\\@prisma\\client\\runtime\\library.js:121:7283)\n    at ei.handleAndLogRequestError (C:\\Users\\JAWHEAD\\OneDrive\\Desktop\\backend\\nodejs-backend-architecture\\node_modules\\.pnpm\\@prisma+client@6.14.0\\node_modules\\@prisma\\client\\runtime\\library.js:121:6608)\n    at ei.request (C:\\Users\\JAWHEAD\\OneDrive\\Desktop\\backend\\nodejs-backend-architecture\\node_modules\\.pnpm\\@prisma+client@6.14.0\\node_modules\\@prisma\\client\\runtime\\library.js:121:6315)\n    at async a (C:\\Users\\JAWHEAD\\OneDrive\\Desktop\\backend\\nodejs-backend-architecture\\node_modules\\.pnpm\\@prisma+client@6.14.0\\node_modules\\@prisma\\client\\runtime\\library.js:130:9551)\n    at async file:///C:/Users/JAWHEAD/OneDrive/Desktop/backend/nodejs-backend-architecture/dist/modules/user/user-controller.js:8:18\n    at async file:///C:/Users/JAWHEAD/OneDrive/Desktop/backend/nodejs-backend-architecture/dist/utils/async-handler.js:6:13","service":"nodejs-backend-architecture","timestamp":"2025-08-18T07:25:43.621Z"}
{"level":"info","message":"Server running on port 1717","service":"nodejs-backend-architecture","timestamp":"2025-08-18T07:25:56.312Z"}
{"level":"info","message":"Server running on port 1717","service":"nodejs-backend-architecture","timestamp":"2025-08-18T07:26:06.925Z"}
{"level":"info","message":"Server running on port 1717","service":"nodejs-backend-architecture","timestamp":"2025-08-18T07:27:33.840Z"}
{"level":"info","message":"Server running on port 1717","service":"nodejs-backend-architecture","timestamp":"2025-08-18T07:28:34.920Z"}
{"level":"info","message":"Server running on port 1717","service":"nodejs-backend-architecture","timestamp":"2025-08-18T07:28:54.159Z"}
{"level":"info","message":"Server running on port 1717","service":"nodejs-backend-architecture","timestamp":"2025-08-18T07:29:04.936Z"}
{"level":"info","message":"Server running on port 1717","service":"nodejs-backend-architecture","timestamp":"2025-08-18T07:29:19.940Z"}
{"level":"info","message":"Server running on port 1717","service":"nodejs-backend-architecture","timestamp":"2025-08-18T07:29:37.069Z"}
{"level":"info","message":"Received POST request to /api/user/register","service":"nodejs-backend-architecture","timestamp":"2025-08-18T07:29:41.997Z"}
{"level":"info","message":"Request body, [object Object]","service":"nodejs-backend-architecture","timestamp":"2025-08-18T07:29:41.998Z"}
{"0":":","1":":","2":"1","level":"info","message":"Registration endpoint hit...","service":"nodejs-backend-architecture","timestamp":"2025-08-18T07:29:42.005Z"}
{"level":"error","message":"PrismaClientKnownRequestError: \nInvalid `prisma.user.create()` invocation:\n\n\nUnique constraint failed on the constraint: `User_email_key`\n    at ei.handleRequestError (C:\\Users\\JAWHEAD\\OneDrive\\Desktop\\backend\\nodejs-backend-architecture\\node_modules\\.pnpm\\@prisma+client@6.14.0\\node_modules\\@prisma\\client\\runtime\\library.js:121:7283)\n    at ei.handleAndLogRequestError (C:\\Users\\JAWHEAD\\OneDrive\\Desktop\\backend\\nodejs-backend-architecture\\node_modules\\.pnpm\\@prisma+client@6.14.0\\node_modules\\@prisma\\client\\runtime\\library.js:121:6608)\n    at ei.request (C:\\Users\\JAWHEAD\\OneDrive\\Desktop\\backend\\nodejs-backend-architecture\\node_modules\\.pnpm\\@prisma+client@6.14.0\\node_modules\\@prisma\\client\\runtime\\library.js:121:6315)\n    at async a (C:\\Users\\JAWHEAD\\OneDrive\\Desktop\\backend\\nodejs-backend-architecture\\node_modules\\.pnpm\\@prisma+client@6.14.0\\node_modules\\@prisma\\client\\runtime\\library.js:130:9551)\n    at async file:///C:/Users/JAWHEAD/OneDrive/Desktop/backend/nodejs-backend-architecture/dist/modules/user/user-controller.js:8:18\n    at async file:///C:/Users/JAWHEAD/OneDrive/Desktop/backend/nodejs-backend-architecture/dist/utils/async-handler.js:4:13","service":"nodejs-backend-architecture","timestamp":"2025-08-18T07:29:42.017Z"}
{"level":"error","message":"SyntaxError: Expected double-quoted property name in JSON at position 60 (line 4 column 1)\n    at JSON.parse (<anonymous>)\n    at parse (C:\\Users\\JAWHEAD\\OneDrive\\Desktop\\backend\\nodejs-backend-architecture\\node_modules\\.pnpm\\body-parser@2.2.0\\node_modules\\body-parser\\lib\\types\\json.js:77:19)\n    at C:\\Users\\JAWHEAD\\OneDrive\\Desktop\\backend\\nodejs-backend-architecture\\node_modules\\.pnpm\\body-parser@2.2.0\\node_modules\\body-parser\\lib\\read.js:123:18\n    at AsyncResource.runInAsyncScope (node:async_hooks:211:14)\n    at invokeCallback (C:\\Users\\JAWHEAD\\OneDrive\\Desktop\\backend\\nodejs-backend-architecture\\node_modules\\.pnpm\\raw-body@3.0.0\\node_modules\\raw-body\\index.js:238:16)\n    at done (C:\\Users\\JAWHEAD\\OneDrive\\Desktop\\backend\\nodejs-backend-architecture\\node_modules\\.pnpm\\raw-body@3.0.0\\node_modules\\raw-body\\index.js:227:7)\n    at IncomingMessage.onEnd (C:\\Users\\JAWHEAD\\OneDrive\\Desktop\\backend\\nodejs-backend-architecture\\node_modules\\.pnpm\\raw-body@3.0.0\\node_modules\\raw-body\\index.js:287:7)\n    at IncomingMessage.emit (node:events:524:28)\n    at endReadableNT (node:internal/streams/readable:1698:12)\n    at process.processTicksAndRejections (node:internal/process/task_queues:90:21)","service":"nodejs-backend-architecture","timestamp":"2025-08-18T07:30:09.980Z"}
{"level":"info","message":"Received POST request to /api/user/register","service":"nodejs-backend-architecture","timestamp":"2025-08-18T07:30:21.054Z"}
{"level":"info","message":"Request body, [object Object]","service":"nodejs-backend-architecture","timestamp":"2025-08-18T07:30:21.054Z"}
{"level":"error","message":"ZodError: [\n  {\n    \"expected\": \"string\",\n    \"code\": \"invalid_type\",\n    \"path\": [\n      \"body\",\n      \"password\"\n    ],\n    \"message\": \"Invalid input: expected string, received undefined\"\n  }\n]\n    at file:///C:/Users/JAWHEAD/OneDrive/Desktop/backend/nodejs-backend-architecture/dist/middlewares/validate-request.js:5:16\n    at Layer.handleRequest (C:\\Users\\JAWHEAD\\OneDrive\\Desktop\\backend\\nodejs-backend-architecture\\node_modules\\.pnpm\\router@2.2.0\\node_modules\\router\\lib\\layer.js:152:17)\n    at next (C:\\Users\\JAWHEAD\\OneDrive\\Desktop\\backend\\nodejs-backend-architecture\\node_modules\\.pnpm\\router@2.2.0\\node_modules\\router\\lib\\route.js:157:13)\n    at Route.dispatch (C:\\Users\\JAWHEAD\\OneDrive\\Desktop\\backend\\nodejs-backend-architecture\\node_modules\\.pnpm\\router@2.2.0\\node_modules\\router\\lib\\route.js:117:3)\n    at handle (C:\\Users\\JAWHEAD\\OneDrive\\Desktop\\backend\\nodejs-backend-architecture\\node_modules\\.pnpm\\router@2.2.0\\node_modules\\router\\index.js:435:11)\n    at Layer.handleRequest (C:\\Users\\JAWHEAD\\OneDrive\\Desktop\\backend\\nodejs-backend-architecture\\node_modules\\.pnpm\\router@2.2.0\\node_modules\\router\\lib\\layer.js:152:17)\n    at C:\\Users\\JAWHEAD\\OneDrive\\Desktop\\backend\\nodejs-backend-architecture\\node_modules\\.pnpm\\router@2.2.0\\node_modules\\router\\index.js:295:15\n    at processParams (C:\\Users\\JAWHEAD\\OneDrive\\Desktop\\backend\\nodejs-backend-architecture\\node_modules\\.pnpm\\router@2.2.0\\node_modules\\router\\index.js:582:12)\n    at next (C:\\Users\\JAWHEAD\\OneDrive\\Desktop\\backend\\nodejs-backend-architecture\\node_modules\\.pnpm\\router@2.2.0\\node_modules\\router\\index.js:291:5)\n    at hpp (C:\\Users\\JAWHEAD\\OneDrive\\Desktop\\backend\\nodejs-backend-architecture\\node_modules\\.pnpm\\hpp@0.2.3\\node_modules\\hpp\\lib\\index.js:146:9)","service":"nodejs-backend-architecture","timestamp":"2025-08-18T07:30:21.056Z"}
{"level":"error","message":"SyntaxError: Expected double-quoted property name in JSON at position 60 (line 4 column 1)\n    at JSON.parse (<anonymous>)\n    at parse (C:\\Users\\JAWHEAD\\OneDrive\\Desktop\\backend\\nodejs-backend-architecture\\node_modules\\.pnpm\\body-parser@2.2.0\\node_modules\\body-parser\\lib\\types\\json.js:77:19)\n    at C:\\Users\\JAWHEAD\\OneDrive\\Desktop\\backend\\nodejs-backend-architecture\\node_modules\\.pnpm\\body-parser@2.2.0\\node_modules\\body-parser\\lib\\read.js:123:18\n    at AsyncResource.runInAsyncScope (node:async_hooks:211:14)\n    at invokeCallback (C:\\Users\\JAWHEAD\\OneDrive\\Desktop\\backend\\nodejs-backend-architecture\\node_modules\\.pnpm\\raw-body@3.0.0\\node_modules\\raw-body\\index.js:238:16)\n    at done (C:\\Users\\JAWHEAD\\OneDrive\\Desktop\\backend\\nodejs-backend-architecture\\node_modules\\.pnpm\\raw-body@3.0.0\\node_modules\\raw-body\\index.js:227:7)\n    at IncomingMessage.onEnd (C:\\Users\\JAWHEAD\\OneDrive\\Desktop\\backend\\nodejs-backend-architecture\\node_modules\\.pnpm\\raw-body@3.0.0\\node_modules\\raw-body\\index.js:287:7)\n    at IncomingMessage.emit (node:events:524:28)\n    at endReadableNT (node:internal/streams/readable:1698:12)\n    at process.processTicksAndRejections (node:internal/process/task_queues:90:21)","service":"nodejs-backend-architecture","timestamp":"2025-08-18T07:30:27.492Z"}
{"level":"info","message":"Received POST request to /api/user/register","service":"nodejs-backend-architecture","timestamp":"2025-08-18T07:30:31.527Z"}
{"level":"info","message":"Request body, [object Object]","service":"nodejs-backend-architecture","timestamp":"2025-08-18T07:30:31.527Z"}
{"0":":","1":":","2":"1","level":"info","message":"Registration endpoint hit...","service":"nodejs-backend-architecture","timestamp":"2025-08-18T07:30:31.528Z"}
{"level":"error","message":"PrismaClientKnownRequestError: \nInvalid `prisma.user.create()` invocation:\n\n\nUnique constraint failed on the constraint: `User_email_key`\n    at ei.handleRequestError (C:\\Users\\JAWHEAD\\OneDrive\\Desktop\\backend\\nodejs-backend-architecture\\node_modules\\.pnpm\\@prisma+client@6.14.0\\node_modules\\@prisma\\client\\runtime\\library.js:121:7283)\n    at ei.handleAndLogRequestError (C:\\Users\\JAWHEAD\\OneDrive\\Desktop\\backend\\nodejs-backend-architecture\\node_modules\\.pnpm\\@prisma+client@6.14.0\\node_modules\\@prisma\\client\\runtime\\library.js:121:6608)\n    at ei.request (C:\\Users\\JAWHEAD\\OneDrive\\Desktop\\backend\\nodejs-backend-architecture\\node_modules\\.pnpm\\@prisma+client@6.14.0\\node_modules\\@prisma\\client\\runtime\\library.js:121:6315)\n    at async a (C:\\Users\\JAWHEAD\\OneDrive\\Desktop\\backend\\nodejs-backend-architecture\\node_modules\\.pnpm\\@prisma+client@6.14.0\\node_modules\\@prisma\\client\\runtime\\library.js:130:9551)\n    at async file:///C:/Users/JAWHEAD/OneDrive/Desktop/backend/nodejs-backend-architecture/dist/modules/user/user-controller.js:8:18\n    at async file:///C:/Users/JAWHEAD/OneDrive/Desktop/backend/nodejs-backend-architecture/dist/utils/async-handler.js:4:13","service":"nodejs-backend-architecture","timestamp":"2025-08-18T07:30:31.531Z"}
{"level":"error","message":"SyntaxError: Expected double-quoted property name in JSON at position 60 (line 4 column 1)\n    at JSON.parse (<anonymous>)\n    at parse (C:\\Users\\JAWHEAD\\OneDrive\\Desktop\\backend\\nodejs-backend-architecture\\node_modules\\.pnpm\\body-parser@2.2.0\\node_modules\\body-parser\\lib\\types\\json.js:77:19)\n    at C:\\Users\\JAWHEAD\\OneDrive\\Desktop\\backend\\nodejs-backend-architecture\\node_modules\\.pnpm\\body-parser@2.2.0\\node_modules\\body-parser\\lib\\read.js:123:18\n    at AsyncResource.runInAsyncScope (node:async_hooks:211:14)\n    at invokeCallback (C:\\Users\\JAWHEAD\\OneDrive\\Desktop\\backend\\nodejs-backend-architecture\\node_modules\\.pnpm\\raw-body@3.0.0\\node_modules\\raw-body\\index.js:238:16)\n    at done (C:\\Users\\JAWHEAD\\OneDrive\\Desktop\\backend\\nodejs-backend-architecture\\node_modules\\.pnpm\\raw-body@3.0.0\\node_modules\\raw-body\\index.js:227:7)\n    at IncomingMessage.onEnd (C:\\Users\\JAWHEAD\\OneDrive\\Desktop\\backend\\nodejs-backend-architecture\\node_modules\\.pnpm\\raw-body@3.0.0\\node_modules\\raw-body\\index.js:287:7)\n    at IncomingMessage.emit (node:events:524:28)\n    at endReadableNT (node:internal/streams/readable:1698:12)\n    at process.processTicksAndRejections (node:internal/process/task_queues:90:21)","service":"nodejs-backend-architecture","timestamp":"2025-08-18T07:30:39.733Z"}
{"level":"info","message":"Received POST request to /api/user/register","service":"nodejs-backend-architecture","timestamp":"2025-08-18T07:30:47.349Z"}
{"level":"info","message":"Request body, [object Object]","service":"nodejs-backend-architecture","timestamp":"2025-08-18T07:30:47.349Z"}
{"level":"error","message":"ZodError: [\n  {\n    \"expected\": \"string\",\n    \"code\": \"invalid_type\",\n    \"path\": [\n      \"body\",\n      \"password\"\n    ],\n    \"message\": \"Invalid input: expected string, received undefined\"\n  }\n]\n    at file:///C:/Users/JAWHEAD/OneDrive/Desktop/backend/nodejs-backend-architecture/dist/middlewares/validate-request.js:5:16\n    at Layer.handleRequest (C:\\Users\\JAWHEAD\\OneDrive\\Desktop\\backend\\nodejs-backend-architecture\\node_modules\\.pnpm\\router@2.2.0\\node_modules\\router\\lib\\layer.js:152:17)\n    at next (C:\\Users\\JAWHEAD\\OneDrive\\Desktop\\backend\\nodejs-backend-architecture\\node_modules\\.pnpm\\router@2.2.0\\node_modules\\router\\lib\\route.js:157:13)\n    at Route.dispatch (C:\\Users\\JAWHEAD\\OneDrive\\Desktop\\backend\\nodejs-backend-architecture\\node_modules\\.pnpm\\router@2.2.0\\node_modules\\router\\lib\\route.js:117:3)\n    at handle (C:\\Users\\JAWHEAD\\OneDrive\\Desktop\\backend\\nodejs-backend-architecture\\node_modules\\.pnpm\\router@2.2.0\\node_modules\\router\\index.js:435:11)\n    at Layer.handleRequest (C:\\Users\\JAWHEAD\\OneDrive\\Desktop\\backend\\nodejs-backend-architecture\\node_modules\\.pnpm\\router@2.2.0\\node_modules\\router\\lib\\layer.js:152:17)\n    at C:\\Users\\JAWHEAD\\OneDrive\\Desktop\\backend\\nodejs-backend-architecture\\node_modules\\.pnpm\\router@2.2.0\\node_modules\\router\\index.js:295:15\n    at processParams (C:\\Users\\JAWHEAD\\OneDrive\\Desktop\\backend\\nodejs-backend-architecture\\node_modules\\.pnpm\\router@2.2.0\\node_modules\\router\\index.js:582:12)\n    at next (C:\\Users\\JAWHEAD\\OneDrive\\Desktop\\backend\\nodejs-backend-architecture\\node_modules\\.pnpm\\router@2.2.0\\node_modules\\router\\index.js:291:5)\n    at hpp (C:\\Users\\JAWHEAD\\OneDrive\\Desktop\\backend\\nodejs-backend-architecture\\node_modules\\.pnpm\\hpp@0.2.3\\node_modules\\hpp\\lib\\index.js:146:9)","service":"nodejs-backend-architecture","timestamp":"2025-08-18T07:30:47.349Z"}
{"level":"info","message":"Server running on port 1717","service":"nodejs-backend-architecture","timestamp":"2025-08-18T07:31:45.215Z"}
{"level":"info","message":"Server running on port 1717","service":"nodejs-backend-architecture","timestamp":"2025-08-18T07:31:46.538Z"}
{"level":"info","message":"Received POST request to /api/user/register","service":"nodejs-backend-architecture","timestamp":"2025-08-18T07:31:52.523Z"}
{"level":"info","message":"Request body, [object Object]","service":"nodejs-backend-architecture","timestamp":"2025-08-18T07:31:52.523Z"}
{"level":"error","message":"ZodError: [\n  {\n    \"expected\": \"string\",\n    \"code\": \"invalid_type\",\n    \"path\": [\n      \"body\",\n      \"password\"\n    ],\n    \"message\": \"Invalid input: expected string, received undefined\"\n  }\n]\n    at file:///C:/Users/JAWHEAD/OneDrive/Desktop/backend/nodejs-backend-architecture/dist/middlewares/validate-request.js:5:16\n    at Layer.handleRequest (C:\\Users\\JAWHEAD\\OneDrive\\Desktop\\backend\\nodejs-backend-architecture\\node_modules\\.pnpm\\router@2.2.0\\node_modules\\router\\lib\\layer.js:152:17)\n    at next (C:\\Users\\JAWHEAD\\OneDrive\\Desktop\\backend\\nodejs-backend-architecture\\node_modules\\.pnpm\\router@2.2.0\\node_modules\\router\\lib\\route.js:157:13)\n    at Route.dispatch (C:\\Users\\JAWHEAD\\OneDrive\\Desktop\\backend\\nodejs-backend-architecture\\node_modules\\.pnpm\\router@2.2.0\\node_modules\\router\\lib\\route.js:117:3)\n    at handle (C:\\Users\\JAWHEAD\\OneDrive\\Desktop\\backend\\nodejs-backend-architecture\\node_modules\\.pnpm\\router@2.2.0\\node_modules\\router\\index.js:435:11)\n    at Layer.handleRequest (C:\\Users\\JAWHEAD\\OneDrive\\Desktop\\backend\\nodejs-backend-architecture\\node_modules\\.pnpm\\router@2.2.0\\node_modules\\router\\lib\\layer.js:152:17)\n    at C:\\Users\\JAWHEAD\\OneDrive\\Desktop\\backend\\nodejs-backend-architecture\\node_modules\\.pnpm\\router@2.2.0\\node_modules\\router\\index.js:295:15\n    at processParams (C:\\Users\\JAWHEAD\\OneDrive\\Desktop\\backend\\nodejs-backend-architecture\\node_modules\\.pnpm\\router@2.2.0\\node_modules\\router\\index.js:582:12)\n    at next (C:\\Users\\JAWHEAD\\OneDrive\\Desktop\\backend\\nodejs-backend-architecture\\node_modules\\.pnpm\\router@2.2.0\\node_modules\\router\\index.js:291:5)\n    at hpp (C:\\Users\\JAWHEAD\\OneDrive\\Desktop\\backend\\nodejs-backend-architecture\\node_modules\\.pnpm\\hpp@0.2.3\\node_modules\\hpp\\lib\\index.js:146:9)","service":"nodejs-backend-architecture","timestamp":"2025-08-18T07:31:52.532Z"}
{"level":"info","message":"Server running on port 1717","service":"nodejs-backend-architecture","timestamp":"2025-08-18T07:32:22.100Z"}
{"level":"info","message":"Server running on port 1717","service":"nodejs-backend-architecture","timestamp":"2025-08-18T07:32:23.985Z"}
{"level":"info","message":"Server running on port 1717","service":"nodejs-backend-architecture","timestamp":"2025-08-18T07:32:33.499Z"}
{"level":"info","message":"Received POST request to /api/user/register","service":"nodejs-backend-architecture","timestamp":"2025-08-18T07:32:34.638Z"}
{"level":"info","message":"Request body, [object Object]","service":"nodejs-backend-architecture","timestamp":"2025-08-18T07:32:34.639Z"}
{"level":"error","message":"ZodError: [\n  {\n    \"expected\": \"string\",\n    \"code\": \"invalid_type\",\n    \"path\": [\n      \"body\",\n      \"password\"\n    ],\n    \"message\": \"Invalid input: expected string, received undefined\"\n  }\n]\n    at file:///C:/Users/JAWHEAD/OneDrive/Desktop/backend/nodejs-backend-architecture/dist/middlewares/validate-request.js:5:16\n    at Layer.handleRequest (C:\\Users\\JAWHEAD\\OneDrive\\Desktop\\backend\\nodejs-backend-architecture\\node_modules\\.pnpm\\router@2.2.0\\node_modules\\router\\lib\\layer.js:152:17)\n    at next (C:\\Users\\JAWHEAD\\OneDrive\\Desktop\\backend\\nodejs-backend-architecture\\node_modules\\.pnpm\\router@2.2.0\\node_modules\\router\\lib\\route.js:157:13)\n    at Route.dispatch (C:\\Users\\JAWHEAD\\OneDrive\\Desktop\\backend\\nodejs-backend-architecture\\node_modules\\.pnpm\\router@2.2.0\\node_modules\\router\\lib\\route.js:117:3)\n    at handle (C:\\Users\\JAWHEAD\\OneDrive\\Desktop\\backend\\nodejs-backend-architecture\\node_modules\\.pnpm\\router@2.2.0\\node_modules\\router\\index.js:435:11)\n    at Layer.handleRequest (C:\\Users\\JAWHEAD\\OneDrive\\Desktop\\backend\\nodejs-backend-architecture\\node_modules\\.pnpm\\router@2.2.0\\node_modules\\router\\lib\\layer.js:152:17)\n    at C:\\Users\\JAWHEAD\\OneDrive\\Desktop\\backend\\nodejs-backend-architecture\\node_modules\\.pnpm\\router@2.2.0\\node_modules\\router\\index.js:295:15\n    at processParams (C:\\Users\\JAWHEAD\\OneDrive\\Desktop\\backend\\nodejs-backend-architecture\\node_modules\\.pnpm\\router@2.2.0\\node_modules\\router\\index.js:582:12)\n    at next (C:\\Users\\JAWHEAD\\OneDrive\\Desktop\\backend\\nodejs-backend-architecture\\node_modules\\.pnpm\\router@2.2.0\\node_modules\\router\\index.js:291:5)\n    at hpp (C:\\Users\\JAWHEAD\\OneDrive\\Desktop\\backend\\nodejs-backend-architecture\\node_modules\\.pnpm\\hpp@0.2.3\\node_modules\\hpp\\lib\\index.js:146:9)","service":"nodejs-backend-architecture","timestamp":"2025-08-18T07:32:34.647Z"}
{"level":"info","message":"Server running on port 1717","service":"nodejs-backend-architecture","timestamp":"2025-08-18T07:32:50.617Z"}
{"level":"info","message":"Server running on port 1717","service":"nodejs-backend-architecture","timestamp":"2025-08-18T07:33:15.628Z"}
{"level":"info","message":"Server running on port 1717","service":"nodejs-backend-architecture","timestamp":"2025-08-18T07:33:56.346Z"}
{"level":"info","message":"Server running on port 1717","service":"nodejs-backend-architecture","timestamp":"2025-08-18T07:33:58.690Z"}
{"level":"info","message":"Server running on port 1717","service":"nodejs-backend-architecture","timestamp":"2025-08-18T07:34:14.059Z"}
{"level":"info","message":"Server running on port 1717","service":"nodejs-backend-architecture","timestamp":"2025-08-18T07:34:29.603Z"}
{"level":"info","message":"Server running on port 1717","service":"nodejs-backend-architecture","timestamp":"2025-08-18T07:34:35.046Z"}
{"level":"info","message":"Server running on port 1717","service":"nodejs-backend-architecture","timestamp":"2025-08-18T07:35:33.082Z"}
{"level":"info","message":"Server running on port 1717","service":"nodejs-backend-architecture","timestamp":"2025-08-18T07:35:41.713Z"}
{"level":"info","message":"Server running on port 1717","service":"nodejs-backend-architecture","timestamp":"2025-08-18T07:35:45.895Z"}
{"level":"info","message":"Server running on port 1717","service":"nodejs-backend-architecture","timestamp":"2025-08-18T07:35:48.598Z"}
{"level":"info","message":"Server running on port 1717","service":"nodejs-backend-architecture","timestamp":"2025-08-18T07:37:20.439Z"}
{"level":"info","message":"Server running on port 1717","service":"nodejs-backend-architecture","timestamp":"2025-08-18T07:37:31.693Z"}
{"level":"info","message":"Server running on port 1717","service":"nodejs-backend-architecture","timestamp":"2025-08-18T07:37:59.154Z"}
{"level":"info","message":"Server running on port 1717","service":"nodejs-backend-architecture","timestamp":"2025-08-18T07:38:32.795Z"}
{"level":"info","message":"Server running on port 1717","service":"nodejs-backend-architecture","timestamp":"2025-08-18T07:38:37.861Z"}
{"level":"info","message":"Server running on port 1717","service":"nodejs-backend-architecture","timestamp":"2025-08-18T07:38:53.759Z"}
{"level":"info","message":"Server running on port 1717","service":"nodejs-backend-architecture","timestamp":"2025-08-18T07:38:55.031Z"}
{"level":"info","message":"Server running on port 1717","service":"nodejs-backend-architecture","timestamp":"2025-08-18T07:39:23.521Z"}
{"level":"info","message":"Received POST request to /api/user/register","service":"nodejs-backend-architecture","timestamp":"2025-08-18T07:39:25.765Z"}
{"level":"info","message":"Request body, [object Object]","service":"nodejs-backend-architecture","timestamp":"2025-08-18T07:39:25.766Z"}
{"level":"error","message":"ZodError: [\n  {\n    \"expected\": \"string\",\n    \"code\": \"invalid_type\",\n    \"path\": [\n      \"body\",\n      \"password\"\n    ],\n    \"message\": \"Invalid input: expected string, received undefined\"\n  }\n]\n    at file:///C:/Users/JAWHEAD/OneDrive/Desktop/backend/nodejs-backend-architecture/dist/middlewares/validate-request.js:5:16\n    at Layer.handleRequest (C:\\Users\\JAWHEAD\\OneDrive\\Desktop\\backend\\nodejs-backend-architecture\\node_modules\\.pnpm\\router@2.2.0\\node_modules\\router\\lib\\layer.js:152:17)\n    at next (C:\\Users\\JAWHEAD\\OneDrive\\Desktop\\backend\\nodejs-backend-architecture\\node_modules\\.pnpm\\router@2.2.0\\node_modules\\router\\lib\\route.js:157:13)\n    at Route.dispatch (C:\\Users\\JAWHEAD\\OneDrive\\Desktop\\backend\\nodejs-backend-architecture\\node_modules\\.pnpm\\router@2.2.0\\node_modules\\router\\lib\\route.js:117:3)\n    at handle (C:\\Users\\JAWHEAD\\OneDrive\\Desktop\\backend\\nodejs-backend-architecture\\node_modules\\.pnpm\\router@2.2.0\\node_modules\\router\\index.js:435:11)\n    at Layer.handleRequest (C:\\Users\\JAWHEAD\\OneDrive\\Desktop\\backend\\nodejs-backend-architecture\\node_modules\\.pnpm\\router@2.2.0\\node_modules\\router\\lib\\layer.js:152:17)\n    at C:\\Users\\JAWHEAD\\OneDrive\\Desktop\\backend\\nodejs-backend-architecture\\node_modules\\.pnpm\\router@2.2.0\\node_modules\\router\\index.js:295:15\n    at processParams (C:\\Users\\JAWHEAD\\OneDrive\\Desktop\\backend\\nodejs-backend-architecture\\node_modules\\.pnpm\\router@2.2.0\\node_modules\\router\\index.js:582:12)\n    at next (C:\\Users\\JAWHEAD\\OneDrive\\Desktop\\backend\\nodejs-backend-architecture\\node_modules\\.pnpm\\router@2.2.0\\node_modules\\router\\index.js:291:5)\n    at hpp (C:\\Users\\JAWHEAD\\OneDrive\\Desktop\\backend\\nodejs-backend-architecture\\node_modules\\.pnpm\\hpp@0.2.3\\node_modules\\hpp\\lib\\index.js:146:9)","service":"nodejs-backend-architecture","timestamp":"2025-08-18T07:39:25.775Z"}
{"level":"error","message":"SyntaxError: Expected double-quoted property name in JSON at position 60 (line 4 column 1)\n    at JSON.parse (<anonymous>)\n    at parse (C:\\Users\\JAWHEAD\\OneDrive\\Desktop\\backend\\nodejs-backend-architecture\\node_modules\\.pnpm\\body-parser@2.2.0\\node_modules\\body-parser\\lib\\types\\json.js:77:19)\n    at C:\\Users\\JAWHEAD\\OneDrive\\Desktop\\backend\\nodejs-backend-architecture\\node_modules\\.pnpm\\body-parser@2.2.0\\node_modules\\body-parser\\lib\\read.js:123:18\n    at AsyncResource.runInAsyncScope (node:async_hooks:211:14)\n    at invokeCallback (C:\\Users\\JAWHEAD\\OneDrive\\Desktop\\backend\\nodejs-backend-architecture\\node_modules\\.pnpm\\raw-body@3.0.0\\node_modules\\raw-body\\index.js:238:16)\n    at done (C:\\Users\\JAWHEAD\\OneDrive\\Desktop\\backend\\nodejs-backend-architecture\\node_modules\\.pnpm\\raw-body@3.0.0\\node_modules\\raw-body\\index.js:227:7)\n    at IncomingMessage.onEnd (C:\\Users\\JAWHEAD\\OneDrive\\Desktop\\backend\\nodejs-backend-architecture\\node_modules\\.pnpm\\raw-body@3.0.0\\node_modules\\raw-body\\index.js:287:7)\n    at IncomingMessage.emit (node:events:524:28)\n    at endReadableNT (node:internal/streams/readable:1698:12)\n    at process.processTicksAndRejections (node:internal/process/task_queues:90:21)","service":"nodejs-backend-architecture","timestamp":"2025-08-18T07:39:44.764Z"}
{"level":"info","message":"Received POST request to /api/user/register","service":"nodejs-backend-architecture","timestamp":"2025-08-18T07:39:52.805Z"}
{"level":"info","message":"Request body, [object Object]","service":"nodejs-backend-architecture","timestamp":"2025-08-18T07:39:52.805Z"}
{"level":"error","message":"ZodError: [\n  {\n    \"expected\": \"string\",\n    \"code\": \"invalid_type\",\n    \"path\": [\n      \"body\",\n      \"password\"\n    ],\n    \"message\": \"Invalid input: expected string, received undefined\"\n  }\n]\n    at file:///C:/Users/JAWHEAD/OneDrive/Desktop/backend/nodejs-backend-architecture/dist/middlewares/validate-request.js:5:16\n    at Layer.handleRequest (C:\\Users\\JAWHEAD\\OneDrive\\Desktop\\backend\\nodejs-backend-architecture\\node_modules\\.pnpm\\router@2.2.0\\node_modules\\router\\lib\\layer.js:152:17)\n    at next (C:\\Users\\JAWHEAD\\OneDrive\\Desktop\\backend\\nodejs-backend-architecture\\node_modules\\.pnpm\\router@2.2.0\\node_modules\\router\\lib\\route.js:157:13)\n    at Route.dispatch (C:\\Users\\JAWHEAD\\OneDrive\\Desktop\\backend\\nodejs-backend-architecture\\node_modules\\.pnpm\\router@2.2.0\\node_modules\\router\\lib\\route.js:117:3)\n    at handle (C:\\Users\\JAWHEAD\\OneDrive\\Desktop\\backend\\nodejs-backend-architecture\\node_modules\\.pnpm\\router@2.2.0\\node_modules\\router\\index.js:435:11)\n    at Layer.handleRequest (C:\\Users\\JAWHEAD\\OneDrive\\Desktop\\backend\\nodejs-backend-architecture\\node_modules\\.pnpm\\router@2.2.0\\node_modules\\router\\lib\\layer.js:152:17)\n    at C:\\Users\\JAWHEAD\\OneDrive\\Desktop\\backend\\nodejs-backend-architecture\\node_modules\\.pnpm\\router@2.2.0\\node_modules\\router\\index.js:295:15\n    at processParams (C:\\Users\\JAWHEAD\\OneDrive\\Desktop\\backend\\nodejs-backend-architecture\\node_modules\\.pnpm\\router@2.2.0\\node_modules\\router\\index.js:582:12)\n    at next (C:\\Users\\JAWHEAD\\OneDrive\\Desktop\\backend\\nodejs-backend-architecture\\node_modules\\.pnpm\\router@2.2.0\\node_modules\\router\\index.js:291:5)\n    at hpp (C:\\Users\\JAWHEAD\\OneDrive\\Desktop\\backend\\nodejs-backend-architecture\\node_modules\\.pnpm\\hpp@0.2.3\\node_modules\\hpp\\lib\\index.js:146:9)","service":"nodejs-backend-architecture","timestamp":"2025-08-18T07:39:52.806Z"}
{"level":"error","message":"SyntaxError: Expected double-quoted property name in JSON at position 60 (line 4 column 1)\n    at JSON.parse (<anonymous>)\n    at parse (C:\\Users\\JAWHEAD\\OneDrive\\Desktop\\backend\\nodejs-backend-architecture\\node_modules\\.pnpm\\body-parser@2.2.0\\node_modules\\body-parser\\lib\\types\\json.js:77:19)\n    at C:\\Users\\JAWHEAD\\OneDrive\\Desktop\\backend\\nodejs-backend-architecture\\node_modules\\.pnpm\\body-parser@2.2.0\\node_modules\\body-parser\\lib\\read.js:123:18\n    at AsyncResource.runInAsyncScope (node:async_hooks:211:14)\n    at invokeCallback (C:\\Users\\JAWHEAD\\OneDrive\\Desktop\\backend\\nodejs-backend-architecture\\node_modules\\.pnpm\\raw-body@3.0.0\\node_modules\\raw-body\\index.js:238:16)\n    at done (C:\\Users\\JAWHEAD\\OneDrive\\Desktop\\backend\\nodejs-backend-architecture\\node_modules\\.pnpm\\raw-body@3.0.0\\node_modules\\raw-body\\index.js:227:7)\n    at IncomingMessage.onEnd (C:\\Users\\JAWHEAD\\OneDrive\\Desktop\\backend\\nodejs-backend-architecture\\node_modules\\.pnpm\\raw-body@3.0.0\\node_modules\\raw-body\\index.js:287:7)\n    at IncomingMessage.emit (node:events:524:28)\n    at endReadableNT (node:internal/streams/readable:1698:12)\n    at process.processTicksAndRejections (node:internal/process/task_queues:90:21)","service":"nodejs-backend-architecture","timestamp":"2025-08-18T07:40:00.197Z"}
{"level":"info","message":"Server running on port 1717","service":"nodejs-backend-architecture","timestamp":"2025-08-18T07:40:59.264Z"}
{"level":"error","message":"SyntaxError: Expected double-quoted property name in JSON at position 60 (line 4 column 1)\n    at JSON.parse (<anonymous>)\n    at parse (C:\\Users\\JAWHEAD\\OneDrive\\Desktop\\backend\\nodejs-backend-architecture\\node_modules\\.pnpm\\body-parser@2.2.0\\node_modules\\body-parser\\lib\\types\\json.js:77:19)\n    at C:\\Users\\JAWHEAD\\OneDrive\\Desktop\\backend\\nodejs-backend-architecture\\node_modules\\.pnpm\\body-parser@2.2.0\\node_modules\\body-parser\\lib\\read.js:123:18\n    at AsyncResource.runInAsyncScope (node:async_hooks:211:14)\n    at invokeCallback (C:\\Users\\JAWHEAD\\OneDrive\\Desktop\\backend\\nodejs-backend-architecture\\node_modules\\.pnpm\\raw-body@3.0.0\\node_modules\\raw-body\\index.js:238:16)\n    at done (C:\\Users\\JAWHEAD\\OneDrive\\Desktop\\backend\\nodejs-backend-architecture\\node_modules\\.pnpm\\raw-body@3.0.0\\node_modules\\raw-body\\index.js:227:7)\n    at IncomingMessage.onEnd (C:\\Users\\JAWHEAD\\OneDrive\\Desktop\\backend\\nodejs-backend-architecture\\node_modules\\.pnpm\\raw-body@3.0.0\\node_modules\\raw-body\\index.js:287:7)\n    at IncomingMessage.emit (node:events:524:28)\n    at endReadableNT (node:internal/streams/readable:1698:12)\n    at process.processTicksAndRejections (node:internal/process/task_queues:90:21)","service":"nodejs-backend-architecture","timestamp":"2025-08-18T07:41:05.166Z"}
{"level":"info","message":"Server running on port 1717","service":"nodejs-backend-architecture","timestamp":"2025-08-18T07:41:23.700Z"}
{"level":"error","message":"SyntaxError: Expected double-quoted property name in JSON at position 60 (line 4 column 1)\n    at JSON.parse (<anonymous>)\n    at parse (C:\\Users\\JAWHEAD\\OneDrive\\Desktop\\backend\\nodejs-backend-architecture\\node_modules\\.pnpm\\body-parser@2.2.0\\node_modules\\body-parser\\lib\\types\\json.js:77:19)\n    at C:\\Users\\JAWHEAD\\OneDrive\\Desktop\\backend\\nodejs-backend-architecture\\node_modules\\.pnpm\\body-parser@2.2.0\\node_modules\\body-parser\\lib\\read.js:123:18\n    at AsyncResource.runInAsyncScope (node:async_hooks:211:14)\n    at invokeCallback (C:\\Users\\JAWHEAD\\OneDrive\\Desktop\\backend\\nodejs-backend-architecture\\node_modules\\.pnpm\\raw-body@3.0.0\\node_modules\\raw-body\\index.js:238:16)\n    at done (C:\\Users\\JAWHEAD\\OneDrive\\Desktop\\backend\\nodejs-backend-architecture\\node_modules\\.pnpm\\raw-body@3.0.0\\node_modules\\raw-body\\index.js:227:7)\n    at IncomingMessage.onEnd (C:\\Users\\JAWHEAD\\OneDrive\\Desktop\\backend\\nodejs-backend-architecture\\node_modules\\.pnpm\\raw-body@3.0.0\\node_modules\\raw-body\\index.js:287:7)\n    at IncomingMessage.emit (node:events:524:28)\n    at endReadableNT (node:internal/streams/readable:1698:12)\n    at process.processTicksAndRejections (node:internal/process/task_queues:90:21)","service":"nodejs-backend-architecture","timestamp":"2025-08-18T07:41:27.982Z"}
{"level":"info","message":"Server running on port 1717","service":"nodejs-backend-architecture","timestamp":"2025-08-18T07:41:38.093Z"}
{"level":"info","message":"Server running on port 1717","service":"nodejs-backend-architecture","timestamp":"2025-08-18T07:41:43.712Z"}
{"level":"error","message":"SyntaxError: Expected double-quoted property name in JSON at position 60 (line 4 column 1)\n    at JSON.parse (<anonymous>)\n    at parse (C:\\Users\\JAWHEAD\\OneDrive\\Desktop\\backend\\nodejs-backend-architecture\\node_modules\\.pnpm\\body-parser@2.2.0\\node_modules\\body-parser\\lib\\types\\json.js:77:19)\n    at C:\\Users\\JAWHEAD\\OneDrive\\Desktop\\backend\\nodejs-backend-architecture\\node_modules\\.pnpm\\body-parser@2.2.0\\node_modules\\body-parser\\lib\\read.js:123:18\n    at AsyncResource.runInAsyncScope (node:async_hooks:211:14)\n    at invokeCallback (C:\\Users\\JAWHEAD\\OneDrive\\Desktop\\backend\\nodejs-backend-architecture\\node_modules\\.pnpm\\raw-body@3.0.0\\node_modules\\raw-body\\index.js:238:16)\n    at done (C:\\Users\\JAWHEAD\\OneDrive\\Desktop\\backend\\nodejs-backend-architecture\\node_modules\\.pnpm\\raw-body@3.0.0\\node_modules\\raw-body\\index.js:227:7)\n    at IncomingMessage.onEnd (C:\\Users\\JAWHEAD\\OneDrive\\Desktop\\backend\\nodejs-backend-architecture\\node_modules\\.pnpm\\raw-body@3.0.0\\node_modules\\raw-body\\index.js:287:7)\n    at IncomingMessage.emit (node:events:524:28)\n    at endReadableNT (node:internal/streams/readable:1698:12)\n    at process.processTicksAndRejections (node:internal/process/task_queues:90:21)","service":"nodejs-backend-architecture","timestamp":"2025-08-18T07:41:44.706Z"}
{"level":"info","message":"Server running on port 1717","service":"nodejs-backend-architecture","timestamp":"2025-08-18T07:42:22.445Z"}
{"level":"info","message":"Server running on port 1717","service":"nodejs-backend-architecture","timestamp":"2025-08-18T07:42:29.436Z"}
{"level":"info","message":"Server running on port 1717","service":"nodejs-backend-architecture","timestamp":"2025-08-18T07:42:39.177Z"}
{"level":"info","message":"Server running on port 1717","service":"nodejs-backend-architecture","timestamp":"2025-08-18T07:42:47.281Z"}
{"level":"error","message":"SyntaxError: Expected double-quoted property name in JSON at position 60 (line 4 column 1)\n    at JSON.parse (<anonymous>)\n    at parse (C:\\Users\\JAWHEAD\\OneDrive\\Desktop\\backend\\nodejs-backend-architecture\\node_modules\\.pnpm\\body-parser@2.2.0\\node_modules\\body-parser\\lib\\types\\json.js:77:19)\n    at C:\\Users\\JAWHEAD\\OneDrive\\Desktop\\backend\\nodejs-backend-architecture\\node_modules\\.pnpm\\body-parser@2.2.0\\node_modules\\body-parser\\lib\\read.js:123:18\n    at AsyncResource.runInAsyncScope (node:async_hooks:211:14)\n    at invokeCallback (C:\\Users\\JAWHEAD\\OneDrive\\Desktop\\backend\\nodejs-backend-architecture\\node_modules\\.pnpm\\raw-body@3.0.0\\node_modules\\raw-body\\index.js:238:16)\n    at done (C:\\Users\\JAWHEAD\\OneDrive\\Desktop\\backend\\nodejs-backend-architecture\\node_modules\\.pnpm\\raw-body@3.0.0\\node_modules\\raw-body\\index.js:227:7)\n    at IncomingMessage.onEnd (C:\\Users\\JAWHEAD\\OneDrive\\Desktop\\backend\\nodejs-backend-architecture\\node_modules\\.pnpm\\raw-body@3.0.0\\node_modules\\raw-body\\index.js:287:7)\n    at IncomingMessage.emit (node:events:524:28)\n    at endReadableNT (node:internal/streams/readable:1698:12)\n    at process.processTicksAndRejections (node:internal/process/task_queues:90:21)","service":"nodejs-backend-architecture","timestamp":"2025-08-18T07:42:49.051Z"}
{"level":"info","message":"Received POST request to /api/user/register","service":"nodejs-backend-architecture","timestamp":"2025-08-18T07:42:51.825Z"}
{"level":"info","message":"Request body, [object Object]","service":"nodejs-backend-architecture","timestamp":"2025-08-18T07:42:51.825Z"}
{"level":"error","message":"ZodError: [\n  {\n    \"expected\": \"string\",\n    \"code\": \"invalid_type\",\n    \"path\": [\n      \"body\",\n      \"password\"\n    ],\n    \"message\": \"Invalid input: expected string, received undefined\"\n  }\n]\n    at file:///C:/Users/JAWHEAD/OneDrive/Desktop/backend/nodejs-backend-architecture/dist/middlewares/validate-request.js:5:16\n    at Layer.handleRequest (C:\\Users\\JAWHEAD\\OneDrive\\Desktop\\backend\\nodejs-backend-architecture\\node_modules\\.pnpm\\router@2.2.0\\node_modules\\router\\lib\\layer.js:152:17)\n    at next (C:\\Users\\JAWHEAD\\OneDrive\\Desktop\\backend\\nodejs-backend-architecture\\node_modules\\.pnpm\\router@2.2.0\\node_modules\\router\\lib\\route.js:157:13)\n    at Route.dispatch (C:\\Users\\JAWHEAD\\OneDrive\\Desktop\\backend\\nodejs-backend-architecture\\node_modules\\.pnpm\\router@2.2.0\\node_modules\\router\\lib\\route.js:117:3)\n    at handle (C:\\Users\\JAWHEAD\\OneDrive\\Desktop\\backend\\nodejs-backend-architecture\\node_modules\\.pnpm\\router@2.2.0\\node_modules\\router\\index.js:435:11)\n    at Layer.handleRequest (C:\\Users\\JAWHEAD\\OneDrive\\Desktop\\backend\\nodejs-backend-architecture\\node_modules\\.pnpm\\router@2.2.0\\node_modules\\router\\lib\\layer.js:152:17)\n    at C:\\Users\\JAWHEAD\\OneDrive\\Desktop\\backend\\nodejs-backend-architecture\\node_modules\\.pnpm\\router@2.2.0\\node_modules\\router\\index.js:295:15\n    at processParams (C:\\Users\\JAWHEAD\\OneDrive\\Desktop\\backend\\nodejs-backend-architecture\\node_modules\\.pnpm\\router@2.2.0\\node_modules\\router\\index.js:582:12)\n    at next (C:\\Users\\JAWHEAD\\OneDrive\\Desktop\\backend\\nodejs-backend-architecture\\node_modules\\.pnpm\\router@2.2.0\\node_modules\\router\\index.js:291:5)\n    at hpp (C:\\Users\\JAWHEAD\\OneDrive\\Desktop\\backend\\nodejs-backend-architecture\\node_modules\\.pnpm\\hpp@0.2.3\\node_modules\\hpp\\lib\\index.js:146:9)","service":"nodejs-backend-architecture","timestamp":"2025-08-18T07:42:51.833Z"}
{"level":"info","message":"Server running on port 1717","service":"nodejs-backend-architecture","timestamp":"2025-08-18T07:43:03.216Z"}
{"level":"info","message":"Received POST request to /api/user/register","service":"nodejs-backend-architecture","timestamp":"2025-08-18T07:43:05.584Z"}
{"level":"info","message":"Request body, [object Object]","service":"nodejs-backend-architecture","timestamp":"2025-08-18T07:43:05.584Z"}
{"level":"error","message":"ZodError: [\n  {\n    \"expected\": \"string\",\n    \"code\": \"invalid_type\",\n    \"path\": [\n      \"body\",\n      \"password\"\n    ],\n    \"message\": \"Invalid input: expected string, received undefined\"\n  }\n]\n    at file:///C:/Users/JAWHEAD/OneDrive/Desktop/backend/nodejs-backend-architecture/dist/middlewares/validate-request.js:5:16\n    at Layer.handleRequest (C:\\Users\\JAWHEAD\\OneDrive\\Desktop\\backend\\nodejs-backend-architecture\\node_modules\\.pnpm\\router@2.2.0\\node_modules\\router\\lib\\layer.js:152:17)\n    at next (C:\\Users\\JAWHEAD\\OneDrive\\Desktop\\backend\\nodejs-backend-architecture\\node_modules\\.pnpm\\router@2.2.0\\node_modules\\router\\lib\\route.js:157:13)\n    at Route.dispatch (C:\\Users\\JAWHEAD\\OneDrive\\Desktop\\backend\\nodejs-backend-architecture\\node_modules\\.pnpm\\router@2.2.0\\node_modules\\router\\lib\\route.js:117:3)\n    at handle (C:\\Users\\JAWHEAD\\OneDrive\\Desktop\\backend\\nodejs-backend-architecture\\node_modules\\.pnpm\\router@2.2.0\\node_modules\\router\\index.js:435:11)\n    at Layer.handleRequest (C:\\Users\\JAWHEAD\\OneDrive\\Desktop\\backend\\nodejs-backend-architecture\\node_modules\\.pnpm\\router@2.2.0\\node_modules\\router\\lib\\layer.js:152:17)\n    at C:\\Users\\JAWHEAD\\OneDrive\\Desktop\\backend\\nodejs-backend-architecture\\node_modules\\.pnpm\\router@2.2.0\\node_modules\\router\\index.js:295:15\n    at processParams (C:\\Users\\JAWHEAD\\OneDrive\\Desktop\\backend\\nodejs-backend-architecture\\node_modules\\.pnpm\\router@2.2.0\\node_modules\\router\\index.js:582:12)\n    at next (C:\\Users\\JAWHEAD\\OneDrive\\Desktop\\backend\\nodejs-backend-architecture\\node_modules\\.pnpm\\router@2.2.0\\node_modules\\router\\index.js:291:5)\n    at hpp (C:\\Users\\JAWHEAD\\OneDrive\\Desktop\\backend\\nodejs-backend-architecture\\node_modules\\.pnpm\\hpp@0.2.3\\node_modules\\hpp\\lib\\index.js:146:9)","service":"nodejs-backend-architecture","timestamp":"2025-08-18T07:43:05.593Z"}
{"level":"info","message":"Received POST request to /api/user/register","service":"nodejs-backend-architecture","timestamp":"2025-08-18T07:43:07.256Z"}
{"level":"info","message":"Request body, [object Object]","service":"nodejs-backend-architecture","timestamp":"2025-08-18T07:43:07.256Z"}
{"level":"error","message":"ZodError: [\n  {\n    \"expected\": \"string\",\n    \"code\": \"invalid_type\",\n    \"path\": [\n      \"body\",\n      \"password\"\n    ],\n    \"message\": \"Invalid input: expected string, received undefined\"\n  }\n]\n    at file:///C:/Users/JAWHEAD/OneDrive/Desktop/backend/nodejs-backend-architecture/dist/middlewares/validate-request.js:5:16\n    at Layer.handleRequest (C:\\Users\\JAWHEAD\\OneDrive\\Desktop\\backend\\nodejs-backend-architecture\\node_modules\\.pnpm\\router@2.2.0\\node_modules\\router\\lib\\layer.js:152:17)\n    at next (C:\\Users\\JAWHEAD\\OneDrive\\Desktop\\backend\\nodejs-backend-architecture\\node_modules\\.pnpm\\router@2.2.0\\node_modules\\router\\lib\\route.js:157:13)\n    at Route.dispatch (C:\\Users\\JAWHEAD\\OneDrive\\Desktop\\backend\\nodejs-backend-architecture\\node_modules\\.pnpm\\router@2.2.0\\node_modules\\router\\lib\\route.js:117:3)\n    at handle (C:\\Users\\JAWHEAD\\OneDrive\\Desktop\\backend\\nodejs-backend-architecture\\node_modules\\.pnpm\\router@2.2.0\\node_modules\\router\\index.js:435:11)\n    at Layer.handleRequest (C:\\Users\\JAWHEAD\\OneDrive\\Desktop\\backend\\nodejs-backend-architecture\\node_modules\\.pnpm\\router@2.2.0\\node_modules\\router\\lib\\layer.js:152:17)\n    at C:\\Users\\JAWHEAD\\OneDrive\\Desktop\\backend\\nodejs-backend-architecture\\node_modules\\.pnpm\\router@2.2.0\\node_modules\\router\\index.js:295:15\n    at processParams (C:\\Users\\JAWHEAD\\OneDrive\\Desktop\\backend\\nodejs-backend-architecture\\node_modules\\.pnpm\\router@2.2.0\\node_modules\\router\\index.js:582:12)\n    at next (C:\\Users\\JAWHEAD\\OneDrive\\Desktop\\backend\\nodejs-backend-architecture\\node_modules\\.pnpm\\router@2.2.0\\node_modules\\router\\index.js:291:5)\n    at hpp (C:\\Users\\JAWHEAD\\OneDrive\\Desktop\\backend\\nodejs-backend-architecture\\node_modules\\.pnpm\\hpp@0.2.3\\node_modules\\hpp\\lib\\index.js:146:9)","service":"nodejs-backend-architecture","timestamp":"2025-08-18T07:43:07.257Z"}
{"level":"info","message":"Server running on port 1717","service":"nodejs-backend-architecture","timestamp":"2025-08-18T07:43:21.165Z"}
{"level":"info","message":"Received POST request to /api/user/register","service":"nodejs-backend-architecture","timestamp":"2025-08-18T07:43:27.056Z"}
{"level":"info","message":"Request body, [object Object]","service":"nodejs-backend-architecture","timestamp":"2025-08-18T07:43:27.056Z"}
{"level":"error","message":"ZodError: [\n  {\n    \"expected\": \"string\",\n    \"code\": \"invalid_type\",\n    \"path\": [\n      \"body\",\n      \"password\"\n    ],\n    \"message\": \"Invalid input: expected string, received undefined\"\n  }\n]\n    at file:///C:/Users/JAWHEAD/OneDrive/Desktop/backend/nodejs-backend-architecture/dist/middlewares/validate-request.js:5:16\n    at Layer.handleRequest (C:\\Users\\JAWHEAD\\OneDrive\\Desktop\\backend\\nodejs-backend-architecture\\node_modules\\.pnpm\\router@2.2.0\\node_modules\\router\\lib\\layer.js:152:17)\n    at next (C:\\Users\\JAWHEAD\\OneDrive\\Desktop\\backend\\nodejs-backend-architecture\\node_modules\\.pnpm\\router@2.2.0\\node_modules\\router\\lib\\route.js:157:13)\n    at Route.dispatch (C:\\Users\\JAWHEAD\\OneDrive\\Desktop\\backend\\nodejs-backend-architecture\\node_modules\\.pnpm\\router@2.2.0\\node_modules\\router\\lib\\route.js:117:3)\n    at handle (C:\\Users\\JAWHEAD\\OneDrive\\Desktop\\backend\\nodejs-backend-architecture\\node_modules\\.pnpm\\router@2.2.0\\node_modules\\router\\index.js:435:11)\n    at Layer.handleRequest (C:\\Users\\JAWHEAD\\OneDrive\\Desktop\\backend\\nodejs-backend-architecture\\node_modules\\.pnpm\\router@2.2.0\\node_modules\\router\\lib\\layer.js:152:17)\n    at C:\\Users\\JAWHEAD\\OneDrive\\Desktop\\backend\\nodejs-backend-architecture\\node_modules\\.pnpm\\router@2.2.0\\node_modules\\router\\index.js:295:15\n    at processParams (C:\\Users\\JAWHEAD\\OneDrive\\Desktop\\backend\\nodejs-backend-architecture\\node_modules\\.pnpm\\router@2.2.0\\node_modules\\router\\index.js:582:12)\n    at next (C:\\Users\\JAWHEAD\\OneDrive\\Desktop\\backend\\nodejs-backend-architecture\\node_modules\\.pnpm\\router@2.2.0\\node_modules\\router\\index.js:291:5)\n    at hpp (C:\\Users\\JAWHEAD\\OneDrive\\Desktop\\backend\\nodejs-backend-architecture\\node_modules\\.pnpm\\hpp@0.2.3\\node_modules\\hpp\\lib\\index.js:146:9)","service":"nodejs-backend-architecture","timestamp":"2025-08-18T07:43:27.065Z"}
{"level":"info","message":"Server running on port 1717","service":"nodejs-backend-architecture","timestamp":"2025-08-18T07:44:21.057Z"}
{"level":"info","message":"Received POST request to /api/user/register","service":"nodejs-backend-architecture","timestamp":"2025-08-18T07:44:25.029Z"}
{"level":"info","message":"Request body, [object Object]","service":"nodejs-backend-architecture","timestamp":"2025-08-18T07:44:25.029Z"}
{"level":"error","message":"ZodError: [\n  {\n    \"expected\": \"string\",\n    \"code\": \"invalid_type\",\n    \"path\": [\n      \"body\",\n      \"password\"\n    ],\n    \"message\": \"Invalid input: expected string, received undefined\"\n  }\n]\n    at file:///C:/Users/JAWHEAD/OneDrive/Desktop/backend/nodejs-backend-architecture/dist/middlewares/validate-request.js:5:16\n    at Layer.handleRequest (C:\\Users\\JAWHEAD\\OneDrive\\Desktop\\backend\\nodejs-backend-architecture\\node_modules\\.pnpm\\router@2.2.0\\node_modules\\router\\lib\\layer.js:152:17)\n    at next (C:\\Users\\JAWHEAD\\OneDrive\\Desktop\\backend\\nodejs-backend-architecture\\node_modules\\.pnpm\\router@2.2.0\\node_modules\\router\\lib\\route.js:157:13)\n    at Route.dispatch (C:\\Users\\JAWHEAD\\OneDrive\\Desktop\\backend\\nodejs-backend-architecture\\node_modules\\.pnpm\\router@2.2.0\\node_modules\\router\\lib\\route.js:117:3)\n    at handle (C:\\Users\\JAWHEAD\\OneDrive\\Desktop\\backend\\nodejs-backend-architecture\\node_modules\\.pnpm\\router@2.2.0\\node_modules\\router\\index.js:435:11)\n    at Layer.handleRequest (C:\\Users\\JAWHEAD\\OneDrive\\Desktop\\backend\\nodejs-backend-architecture\\node_modules\\.pnpm\\router@2.2.0\\node_modules\\router\\lib\\layer.js:152:17)\n    at C:\\Users\\JAWHEAD\\OneDrive\\Desktop\\backend\\nodejs-backend-architecture\\node_modules\\.pnpm\\router@2.2.0\\node_modules\\router\\index.js:295:15\n    at processParams (C:\\Users\\JAWHEAD\\OneDrive\\Desktop\\backend\\nodejs-backend-architecture\\node_modules\\.pnpm\\router@2.2.0\\node_modules\\router\\index.js:582:12)\n    at next (C:\\Users\\JAWHEAD\\OneDrive\\Desktop\\backend\\nodejs-backend-architecture\\node_modules\\.pnpm\\router@2.2.0\\node_modules\\router\\index.js:291:5)\n    at hpp (C:\\Users\\JAWHEAD\\OneDrive\\Desktop\\backend\\nodejs-backend-architecture\\node_modules\\.pnpm\\hpp@0.2.3\\node_modules\\hpp\\lib\\index.js:146:9)","service":"nodejs-backend-architecture","timestamp":"2025-08-18T07:44:25.038Z"}
{"level":"info","message":"Server running on port 1717","service":"nodejs-backend-architecture","timestamp":"2025-08-18T07:45:25.013Z"}
{"level":"info","message":"Server running on port 1717","service":"nodejs-backend-architecture","timestamp":"2025-08-18T07:45:39.188Z"}
{"level":"info","message":"Server running on port 1717","service":"nodejs-backend-architecture","timestamp":"2025-08-18T07:45:44.183Z"}
{"level":"info","message":"Server running on port 1717","service":"nodejs-backend-architecture","timestamp":"2025-08-18T07:45:51.422Z"}
{"level":"info","message":"Server running on port 1717","service":"nodejs-backend-architecture","timestamp":"2025-08-18T07:45:54.163Z"}
{"level":"info","message":"Server running on port 1717","service":"nodejs-backend-architecture","timestamp":"2025-08-18T07:45:57.380Z"}
{"level":"info","message":"Server running on port 1717","service":"nodejs-backend-architecture","timestamp":"2025-08-18T07:47:44.859Z"}
{"level":"info","message":"Server running on port 1717","service":"nodejs-backend-architecture","timestamp":"2025-08-18T07:47:47.473Z"}
{"level":"info","message":"Server running on port 1717","service":"nodejs-backend-architecture","timestamp":"2025-08-18T07:47:55.899Z"}
{"level":"info","message":"Server running on port 1717","service":"nodejs-backend-architecture","timestamp":"2025-08-18T07:47:58.376Z"}
{"level":"info","message":"Received POST request to /api/user/register","service":"nodejs-backend-architecture","timestamp":"2025-08-18T07:48:06.427Z"}
{"level":"info","message":"Request body, [object Object]","service":"nodejs-backend-architecture","timestamp":"2025-08-18T07:48:06.428Z"}
{"0":":","1":":","2":"1","level":"info","message":"Registration endpoint hit...","service":"nodejs-backend-architecture","timestamp":"2025-08-18T07:48:06.435Z"}
{"level":"error","message":"PrismaClientKnownRequestError: \nInvalid `prisma.user.create()` invocation:\n\n\nUnique constraint failed on the constraint: `User_email_key`\n    at ei.handleRequestError (C:\\Users\\JAWHEAD\\OneDrive\\Desktop\\backend\\nodejs-backend-architecture\\node_modules\\.pnpm\\@prisma+client@6.14.0\\node_modules\\@prisma\\client\\runtime\\library.js:121:7283)\n    at ei.handleAndLogRequestError (C:\\Users\\JAWHEAD\\OneDrive\\Desktop\\backend\\nodejs-backend-architecture\\node_modules\\.pnpm\\@prisma+client@6.14.0\\node_modules\\@prisma\\client\\runtime\\library.js:121:6608)\n    at ei.request (C:\\Users\\JAWHEAD\\OneDrive\\Desktop\\backend\\nodejs-backend-architecture\\node_modules\\.pnpm\\@prisma+client@6.14.0\\node_modules\\@prisma\\client\\runtime\\library.js:121:6315)\n    at async a (C:\\Users\\JAWHEAD\\OneDrive\\Desktop\\backend\\nodejs-backend-architecture\\node_modules\\.pnpm\\@prisma+client@6.14.0\\node_modules\\@prisma\\client\\runtime\\library.js:130:9551)\n    at async file:///C:/Users/JAWHEAD/OneDrive/Desktop/backend/nodejs-backend-architecture/dist/modules/user/user-controller.js:8:18\n    at async file:///C:/Users/JAWHEAD/OneDrive/Desktop/backend/nodejs-backend-architecture/dist/utils/async-handler.js:4:13","service":"nodejs-backend-architecture","timestamp":"2025-08-18T07:48:06.448Z"}
{"level":"info","message":"Server running on port 1717","service":"nodejs-backend-architecture","timestamp":"2025-08-18T07:48:57.055Z"}
{"level":"info","message":"Received POST request to /api/user/register","service":"nodejs-backend-architecture","timestamp":"2025-08-18T07:48:59.669Z"}
{"level":"info","message":"Request body, [object Object]","service":"nodejs-backend-architecture","timestamp":"2025-08-18T07:48:59.669Z"}
{"0":":","1":":","2":"1","level":"info","message":"Registration endpoint hit...","service":"nodejs-backend-architecture","timestamp":"2025-08-18T07:48:59.677Z"}
{"level":"error","message":"PrismaClientKnownRequestError: \nInvalid `prisma.user.create()` invocation:\n\n\nUnique constraint failed on the constraint: `User_email_key`\n    at ei.handleRequestError (C:\\Users\\JAWHEAD\\OneDrive\\Desktop\\backend\\nodejs-backend-architecture\\node_modules\\.pnpm\\@prisma+client@6.14.0\\node_modules\\@prisma\\client\\runtime\\library.js:121:7283)\n    at ei.handleAndLogRequestError (C:\\Users\\JAWHEAD\\OneDrive\\Desktop\\backend\\nodejs-backend-architecture\\node_modules\\.pnpm\\@prisma+client@6.14.0\\node_modules\\@prisma\\client\\runtime\\library.js:121:6608)\n    at ei.request (C:\\Users\\JAWHEAD\\OneDrive\\Desktop\\backend\\nodejs-backend-architecture\\node_modules\\.pnpm\\@prisma+client@6.14.0\\node_modules\\@prisma\\client\\runtime\\library.js:121:6315)\n    at async a (C:\\Users\\JAWHEAD\\OneDrive\\Desktop\\backend\\nodejs-backend-architecture\\node_modules\\.pnpm\\@prisma+client@6.14.0\\node_modules\\@prisma\\client\\runtime\\library.js:130:9551)\n    at async file:///C:/Users/JAWHEAD/OneDrive/Desktop/backend/nodejs-backend-architecture/dist/modules/user/user-controller.js:8:18\n    at async file:///C:/Users/JAWHEAD/OneDrive/Desktop/backend/nodejs-backend-architecture/dist/utils/async-handler.js:4:13","service":"nodejs-backend-architecture","timestamp":"2025-08-18T07:48:59.689Z"}
{"level":"info","message":"Received POST request to /api/user/register","service":"nodejs-backend-architecture","timestamp":"2025-08-18T07:49:24.872Z"}
{"level":"info","message":"Request body, [object Object]","service":"nodejs-backend-architecture","timestamp":"2025-08-18T07:49:24.873Z"}
{"level":"error","message":"ZodError: [\n  {\n    \"expected\": \"string\",\n    \"code\": \"invalid_type\",\n    \"path\": [\n      \"body\",\n      \"password\"\n    ],\n    \"message\": \"Invalid input: expected string, received undefined\"\n  }\n]\n    at file:///C:/Users/JAWHEAD/OneDrive/Desktop/backend/nodejs-backend-architecture/dist/middlewares/validate-request.js:5:16\n    at Layer.handleRequest (C:\\Users\\JAWHEAD\\OneDrive\\Desktop\\backend\\nodejs-backend-architecture\\node_modules\\.pnpm\\router@2.2.0\\node_modules\\router\\lib\\layer.js:152:17)\n    at next (C:\\Users\\JAWHEAD\\OneDrive\\Desktop\\backend\\nodejs-backend-architecture\\node_modules\\.pnpm\\router@2.2.0\\node_modules\\router\\lib\\route.js:157:13)\n    at Route.dispatch (C:\\Users\\JAWHEAD\\OneDrive\\Desktop\\backend\\nodejs-backend-architecture\\node_modules\\.pnpm\\router@2.2.0\\node_modules\\router\\lib\\route.js:117:3)\n    at handle (C:\\Users\\JAWHEAD\\OneDrive\\Desktop\\backend\\nodejs-backend-architecture\\node_modules\\.pnpm\\router@2.2.0\\node_modules\\router\\index.js:435:11)\n    at Layer.handleRequest (C:\\Users\\JAWHEAD\\OneDrive\\Desktop\\backend\\nodejs-backend-architecture\\node_modules\\.pnpm\\router@2.2.0\\node_modules\\router\\lib\\layer.js:152:17)\n    at C:\\Users\\JAWHEAD\\OneDrive\\Desktop\\backend\\nodejs-backend-architecture\\node_modules\\.pnpm\\router@2.2.0\\node_modules\\router\\index.js:295:15\n    at processParams (C:\\Users\\JAWHEAD\\OneDrive\\Desktop\\backend\\nodejs-backend-architecture\\node_modules\\.pnpm\\router@2.2.0\\node_modules\\router\\index.js:582:12)\n    at next (C:\\Users\\JAWHEAD\\OneDrive\\Desktop\\backend\\nodejs-backend-architecture\\node_modules\\.pnpm\\router@2.2.0\\node_modules\\router\\index.js:291:5)\n    at hpp (C:\\Users\\JAWHEAD\\OneDrive\\Desktop\\backend\\nodejs-backend-architecture\\node_modules\\.pnpm\\hpp@0.2.3\\node_modules\\hpp\\lib\\index.js:146:9)","service":"nodejs-backend-architecture","timestamp":"2025-08-18T07:49:24.874Z"}
{"level":"info","message":"Server running on port 1717","service":"nodejs-backend-architecture","timestamp":"2025-08-18T07:50:09.211Z"}
{"level":"info","message":"Server running on port 1717","service":"nodejs-backend-architecture","timestamp":"2025-08-18T07:50:12.387Z"}
{"level":"info","message":"Server running on port 1717","service":"nodejs-backend-architecture","timestamp":"2025-08-18T07:50:14.926Z"}
{"level":"info","message":"Received POST request to /api/user/register","service":"nodejs-backend-architecture","timestamp":"2025-08-18T07:50:18.088Z"}
{"level":"info","message":"Request body, [object Object]","service":"nodejs-backend-architecture","timestamp":"2025-08-18T07:50:18.089Z"}
{"level":"error","message":"ZodError: [\n  {\n    \"expected\": \"string\",\n    \"code\": \"invalid_type\",\n    \"path\": [\n      \"body\",\n      \"password\"\n    ],\n    \"message\": \"Invalid input: expected string, received undefined\"\n  }\n]\n    at file:///C:/Users/JAWHEAD/OneDrive/Desktop/backend/nodejs-backend-architecture/dist/middlewares/validate-request.js:5:16\n    at Layer.handleRequest (C:\\Users\\JAWHEAD\\OneDrive\\Desktop\\backend\\nodejs-backend-architecture\\node_modules\\.pnpm\\router@2.2.0\\node_modules\\router\\lib\\layer.js:152:17)\n    at next (C:\\Users\\JAWHEAD\\OneDrive\\Desktop\\backend\\nodejs-backend-architecture\\node_modules\\.pnpm\\router@2.2.0\\node_modules\\router\\lib\\route.js:157:13)\n    at Route.dispatch (C:\\Users\\JAWHEAD\\OneDrive\\Desktop\\backend\\nodejs-backend-architecture\\node_modules\\.pnpm\\router@2.2.0\\node_modules\\router\\lib\\route.js:117:3)\n    at handle (C:\\Users\\JAWHEAD\\OneDrive\\Desktop\\backend\\nodejs-backend-architecture\\node_modules\\.pnpm\\router@2.2.0\\node_modules\\router\\index.js:435:11)\n    at Layer.handleRequest (C:\\Users\\JAWHEAD\\OneDrive\\Desktop\\backend\\nodejs-backend-architecture\\node_modules\\.pnpm\\router@2.2.0\\node_modules\\router\\lib\\layer.js:152:17)\n    at C:\\Users\\JAWHEAD\\OneDrive\\Desktop\\backend\\nodejs-backend-architecture\\node_modules\\.pnpm\\router@2.2.0\\node_modules\\router\\index.js:295:15\n    at processParams (C:\\Users\\JAWHEAD\\OneDrive\\Desktop\\backend\\nodejs-backend-architecture\\node_modules\\.pnpm\\router@2.2.0\\node_modules\\router\\index.js:582:12)\n    at next (C:\\Users\\JAWHEAD\\OneDrive\\Desktop\\backend\\nodejs-backend-architecture\\node_modules\\.pnpm\\router@2.2.0\\node_modules\\router\\index.js:291:5)\n    at hpp (C:\\Users\\JAWHEAD\\OneDrive\\Desktop\\backend\\nodejs-backend-architecture\\node_modules\\.pnpm\\hpp@0.2.3\\node_modules\\hpp\\lib\\index.js:146:9)","service":"nodejs-backend-architecture","timestamp":"2025-08-18T07:50:18.097Z"}
{"level":"error","message":"SyntaxError: Expected double-quoted property name in JSON at position 60 (line 4 column 1)\n    at JSON.parse (<anonymous>)\n    at parse (C:\\Users\\JAWHEAD\\OneDrive\\Desktop\\backend\\nodejs-backend-architecture\\node_modules\\.pnpm\\body-parser@2.2.0\\node_modules\\body-parser\\lib\\types\\json.js:77:19)\n    at C:\\Users\\JAWHEAD\\OneDrive\\Desktop\\backend\\nodejs-backend-architecture\\node_modules\\.pnpm\\body-parser@2.2.0\\node_modules\\body-parser\\lib\\read.js:123:18\n    at AsyncResource.runInAsyncScope (node:async_hooks:211:14)\n    at invokeCallback (C:\\Users\\JAWHEAD\\OneDrive\\Desktop\\backend\\nodejs-backend-architecture\\node_modules\\.pnpm\\raw-body@3.0.0\\node_modules\\raw-body\\index.js:238:16)\n    at done (C:\\Users\\JAWHEAD\\OneDrive\\Desktop\\backend\\nodejs-backend-architecture\\node_modules\\.pnpm\\raw-body@3.0.0\\node_modules\\raw-body\\index.js:227:7)\n    at IncomingMessage.onEnd (C:\\Users\\JAWHEAD\\OneDrive\\Desktop\\backend\\nodejs-backend-architecture\\node_modules\\.pnpm\\raw-body@3.0.0\\node_modules\\raw-body\\index.js:287:7)\n    at IncomingMessage.emit (node:events:524:28)\n    at endReadableNT (node:internal/streams/readable:1698:12)\n    at process.processTicksAndRejections (node:internal/process/task_queues:90:21)","service":"nodejs-backend-architecture","timestamp":"2025-08-18T07:50:22.304Z"}
{"level":"info","message":"Received POST request to /api/user/register","service":"nodejs-backend-architecture","timestamp":"2025-08-18T07:50:34.478Z"}
{"level":"info","message":"Request body, [object Object]","service":"nodejs-backend-architecture","timestamp":"2025-08-18T07:50:34.478Z"}
{"level":"error","message":"ZodError: [\n  {\n    \"expected\": \"string\",\n    \"code\": \"invalid_type\",\n    \"path\": [\n      \"body\",\n      \"password\"\n    ],\n    \"message\": \"Invalid input: expected string, received undefined\"\n  }\n]\n    at file:///C:/Users/JAWHEAD/OneDrive/Desktop/backend/nodejs-backend-architecture/dist/middlewares/validate-request.js:5:16\n    at Layer.handleRequest (C:\\Users\\JAWHEAD\\OneDrive\\Desktop\\backend\\nodejs-backend-architecture\\node_modules\\.pnpm\\router@2.2.0\\node_modules\\router\\lib\\layer.js:152:17)\n    at next (C:\\Users\\JAWHEAD\\OneDrive\\Desktop\\backend\\nodejs-backend-architecture\\node_modules\\.pnpm\\router@2.2.0\\node_modules\\router\\lib\\route.js:157:13)\n    at Route.dispatch (C:\\Users\\JAWHEAD\\OneDrive\\Desktop\\backend\\nodejs-backend-architecture\\node_modules\\.pnpm\\router@2.2.0\\node_modules\\router\\lib\\route.js:117:3)\n    at handle (C:\\Users\\JAWHEAD\\OneDrive\\Desktop\\backend\\nodejs-backend-architecture\\node_modules\\.pnpm\\router@2.2.0\\node_modules\\router\\index.js:435:11)\n    at Layer.handleRequest (C:\\Users\\JAWHEAD\\OneDrive\\Desktop\\backend\\nodejs-backend-architecture\\node_modules\\.pnpm\\router@2.2.0\\node_modules\\router\\lib\\layer.js:152:17)\n    at C:\\Users\\JAWHEAD\\OneDrive\\Desktop\\backend\\nodejs-backend-architecture\\node_modules\\.pnpm\\router@2.2.0\\node_modules\\router\\index.js:295:15\n    at processParams (C:\\Users\\JAWHEAD\\OneDrive\\Desktop\\backend\\nodejs-backend-architecture\\node_modules\\.pnpm\\router@2.2.0\\node_modules\\router\\index.js:582:12)\n    at next (C:\\Users\\JAWHEAD\\OneDrive\\Desktop\\backend\\nodejs-backend-architecture\\node_modules\\.pnpm\\router@2.2.0\\node_modules\\router\\index.js:291:5)\n    at hpp (C:\\Users\\JAWHEAD\\OneDrive\\Desktop\\backend\\nodejs-backend-architecture\\node_modules\\.pnpm\\hpp@0.2.3\\node_modules\\hpp\\lib\\index.js:146:9)","service":"nodejs-backend-architecture","timestamp":"2025-08-18T07:50:34.479Z"}
{"level":"info","message":"Received POST request to /api/user/register","service":"nodejs-backend-architecture","timestamp":"2025-08-18T07:50:40.687Z"}
{"level":"info","message":"Request body, [object Object]","service":"nodejs-backend-architecture","timestamp":"2025-08-18T07:50:40.688Z"}
{"0":":","1":":","2":"1","level":"info","message":"Registration endpoint hit...","service":"nodejs-backend-architecture","timestamp":"2025-08-18T07:50:40.689Z"}
{"level":"error","message":"PrismaClientKnownRequestError: \nInvalid `prisma.user.create()` invocation:\n\n\nUnique constraint failed on the constraint: `User_email_key`\n    at ei.handleRequestError (C:\\Users\\JAWHEAD\\OneDrive\\Desktop\\backend\\nodejs-backend-architecture\\node_modules\\.pnpm\\@prisma+client@6.14.0\\node_modules\\@prisma\\client\\runtime\\library.js:121:7283)\n    at ei.handleAndLogRequestError (C:\\Users\\JAWHEAD\\OneDrive\\Desktop\\backend\\nodejs-backend-architecture\\node_modules\\.pnpm\\@prisma+client@6.14.0\\node_modules\\@prisma\\client\\runtime\\library.js:121:6608)\n    at ei.request (C:\\Users\\JAWHEAD\\OneDrive\\Desktop\\backend\\nodejs-backend-architecture\\node_modules\\.pnpm\\@prisma+client@6.14.0\\node_modules\\@prisma\\client\\runtime\\library.js:121:6315)\n    at async a (C:\\Users\\JAWHEAD\\OneDrive\\Desktop\\backend\\nodejs-backend-architecture\\node_modules\\.pnpm\\@prisma+client@6.14.0\\node_modules\\@prisma\\client\\runtime\\library.js:130:9551)\n    at async file:///C:/Users/JAWHEAD/OneDrive/Desktop/backend/nodejs-backend-architecture/dist/modules/user/user-controller.js:8:18\n    at async file:///C:/Users/JAWHEAD/OneDrive/Desktop/backend/nodejs-backend-architecture/dist/utils/async-handler.js:4:13","service":"nodejs-backend-architecture","timestamp":"2025-08-18T07:50:40.702Z"}
{"level":"info","message":"Server running on port 1717","service":"nodejs-backend-architecture","timestamp":"2025-08-18T07:50:54.805Z"}
{"level":"info","message":"Received POST request to /api/user/register","service":"nodejs-backend-architecture","timestamp":"2025-08-18T07:50:56.636Z"}
{"level":"info","message":"Request body, [object Object]","service":"nodejs-backend-architecture","timestamp":"2025-08-18T07:50:56.637Z"}
{"0":":","1":":","2":"1","level":"info","message":"Registration endpoint hit...","service":"nodejs-backend-architecture","timestamp":"2025-08-18T07:50:56.647Z"}
{"level":"error","message":"ReferenceError: email is not defined\n    at file:///C:/Users/JAWHEAD/OneDrive/Desktop/backend/nodejs-backend-architecture/dist/modules/user/user-controller.js:8:37\n    at file:///C:/Users/JAWHEAD/OneDrive/Desktop/backend/nodejs-backend-architecture/dist/utils/async-handler.js:4:19\n    at Layer.handleRequest (C:\\Users\\JAWHEAD\\OneDrive\\Desktop\\backend\\nodejs-backend-architecture\\node_modules\\.pnpm\\router@2.2.0\\node_modules\\router\\lib\\layer.js:152:17)\n    at next (C:\\Users\\JAWHEAD\\OneDrive\\Desktop\\backend\\nodejs-backend-architecture\\node_modules\\.pnpm\\router@2.2.0\\node_modules\\router\\lib\\route.js:157:13)\n    at file:///C:/Users/JAWHEAD/OneDrive/Desktop/backend/nodejs-backend-architecture/dist/middlewares/validate-request.js:10:9\n    at Layer.handleRequest (C:\\Users\\JAWHEAD\\OneDrive\\Desktop\\backend\\nodejs-backend-architecture\\node_modules\\.pnpm\\router@2.2.0\\node_modules\\router\\lib\\layer.js:152:17)\n    at next (C:\\Users\\JAWHEAD\\OneDrive\\Desktop\\backend\\nodejs-backend-architecture\\node_modules\\.pnpm\\router@2.2.0\\node_modules\\router\\lib\\route.js:157:13)\n    at Route.dispatch (C:\\Users\\JAWHEAD\\OneDrive\\Desktop\\backend\\nodejs-backend-architecture\\node_modules\\.pnpm\\router@2.2.0\\node_modules\\router\\lib\\route.js:117:3)\n    at handle (C:\\Users\\JAWHEAD\\OneDrive\\Desktop\\backend\\nodejs-backend-architecture\\node_modules\\.pnpm\\router@2.2.0\\node_modules\\router\\index.js:435:11)\n    at Layer.handleRequest (C:\\Users\\JAWHEAD\\OneDrive\\Desktop\\backend\\nodejs-backend-architecture\\node_modules\\.pnpm\\router@2.2.0\\node_modules\\router\\lib\\layer.js:152:17)","service":"nodejs-backend-architecture","timestamp":"2025-08-18T07:50:56.648Z"}
{"level":"info","message":"Server running on port 1717","service":"nodejs-backend-architecture","timestamp":"2025-08-18T07:51:16.979Z"}
{"level":"info","message":"Server running on port 1717","service":"nodejs-backend-architecture","timestamp":"2025-08-18T07:52:22.906Z"}
{"level":"info","message":"Server running on port 1717","service":"nodejs-backend-architecture","timestamp":"2025-08-18T07:52:34.465Z"}
{"level":"info","message":"Server running on port 1717","service":"nodejs-backend-architecture","timestamp":"2025-08-18T07:52:48.209Z"}
{"level":"info","message":"Server running on port 1717","service":"nodejs-backend-architecture","timestamp":"2025-08-18T07:52:55.449Z"}
{"level":"info","message":"Server running on port 1717","service":"nodejs-backend-architecture","timestamp":"2025-08-18T07:52:57.373Z"}
{"level":"info","message":"Server running on port 1717","service":"nodejs-backend-architecture","timestamp":"2025-08-18T07:53:04.938Z"}
{"level":"info","message":"Server running on port 1717","service":"nodejs-backend-architecture","timestamp":"2025-08-18T07:53:23.311Z"}
{"level":"info","message":"Server running on port 1717","service":"nodejs-backend-architecture","timestamp":"2025-08-18T07:53:29.123Z"}
{"level":"info","message":"Received POST request to /api/user/register","service":"nodejs-backend-architecture","timestamp":"2025-08-18T07:53:33.285Z"}
{"level":"info","message":"Request body, [object Object]","service":"nodejs-backend-architecture","timestamp":"2025-08-18T07:53:33.285Z"}
{"0":":","1":":","2":"1","level":"info","message":"Registration endpoint hit...","service":"nodejs-backend-architecture","timestamp":"2025-08-18T07:53:33.293Z"}
{"level":"error","message":"PrismaClientKnownRequestError: \nInvalid `prisma.user.create()` invocation:\n\n\nUnique constraint failed on the constraint: `User_email_key`\n    at ei.handleRequestError (C:\\Users\\JAWHEAD\\OneDrive\\Desktop\\backend\\nodejs-backend-architecture\\node_modules\\.pnpm\\@prisma+client@6.14.0\\node_modules\\@prisma\\client\\runtime\\library.js:121:7283)\n    at ei.handleAndLogRequestError (C:\\Users\\JAWHEAD\\OneDrive\\Desktop\\backend\\nodejs-backend-architecture\\node_modules\\.pnpm\\@prisma+client@6.14.0\\node_modules\\@prisma\\client\\runtime\\library.js:121:6608)\n    at ei.request (C:\\Users\\JAWHEAD\\OneDrive\\Desktop\\backend\\nodejs-backend-architecture\\node_modules\\.pnpm\\@prisma+client@6.14.0\\node_modules\\@prisma\\client\\runtime\\library.js:121:6315)\n    at async a (C:\\Users\\JAWHEAD\\OneDrive\\Desktop\\backend\\nodejs-backend-architecture\\node_modules\\.pnpm\\@prisma+client@6.14.0\\node_modules\\@prisma\\client\\runtime\\library.js:130:9551)\n    at async file:///C:/Users/JAWHEAD/OneDrive/Desktop/backend/nodejs-backend-architecture/dist/modules/user/user-controller.js:8:18\n    at async file:///C:/Users/JAWHEAD/OneDrive/Desktop/backend/nodejs-backend-architecture/dist/utils/async-handler.js:4:13","service":"nodejs-backend-architecture","timestamp":"2025-08-18T07:53:33.306Z"}
{"level":"info","message":"Server running on port 1717","service":"nodejs-backend-architecture","timestamp":"2025-08-18T07:53:39.773Z"}
{"level":"info","message":"Received POST request to /api/user/register","service":"nodejs-backend-architecture","timestamp":"2025-08-18T07:53:41.658Z"}
{"level":"info","message":"Request body, [object Object]","service":"nodejs-backend-architecture","timestamp":"2025-08-18T07:53:41.659Z"}
{"0":":","1":":","2":"1","level":"info","message":"Registration endpoint hit...","service":"nodejs-backend-architecture","timestamp":"2025-08-18T07:53:41.667Z"}
{"level":"error","message":"PrismaClientKnownRequestError: \nInvalid `prisma.user.create()` invocation:\n\n\nUnique constraint failed on the constraint: `User_email_key`\n    at ei.handleRequestError (C:\\Users\\JAWHEAD\\OneDrive\\Desktop\\backend\\nodejs-backend-architecture\\node_modules\\.pnpm\\@prisma+client@6.14.0\\node_modules\\@prisma\\client\\runtime\\library.js:121:7283)\n    at ei.handleAndLogRequestError (C:\\Users\\JAWHEAD\\OneDrive\\Desktop\\backend\\nodejs-backend-architecture\\node_modules\\.pnpm\\@prisma+client@6.14.0\\node_modules\\@prisma\\client\\runtime\\library.js:121:6608)\n    at ei.request (C:\\Users\\JAWHEAD\\OneDrive\\Desktop\\backend\\nodejs-backend-architecture\\node_modules\\.pnpm\\@prisma+client@6.14.0\\node_modules\\@prisma\\client\\runtime\\library.js:121:6315)\n    at async a (C:\\Users\\JAWHEAD\\OneDrive\\Desktop\\backend\\nodejs-backend-architecture\\node_modules\\.pnpm\\@prisma+client@6.14.0\\node_modules\\@prisma\\client\\runtime\\library.js:130:9551)\n    at async file:///C:/Users/JAWHEAD/OneDrive/Desktop/backend/nodejs-backend-architecture/dist/modules/user/user-controller.js:8:18\n    at async file:///C:/Users/JAWHEAD/OneDrive/Desktop/backend/nodejs-backend-architecture/dist/utils/async-handler.js:4:13","service":"nodejs-backend-architecture","timestamp":"2025-08-18T07:53:41.679Z"}
{"level":"info","message":"Server running on port 1717","service":"nodejs-backend-architecture","timestamp":"2025-08-18T07:54:04.920Z"}
{"level":"info","message":"Server running on port 1717","service":"nodejs-backend-architecture","timestamp":"2025-08-18T07:54:07.661Z"}
{"level":"info","message":"Server running on port 1717","service":"nodejs-backend-architecture","timestamp":"2025-08-18T07:54:23.181Z"}
{"level":"info","message":"Received POST request to /api/user/register","service":"nodejs-backend-architecture","timestamp":"2025-08-18T07:54:24.094Z"}
{"level":"info","message":"Request body, [object Object]","service":"nodejs-backend-architecture","timestamp":"2025-08-18T07:54:24.094Z"}
{"0":":","1":":","2":"1","level":"info","message":"Registration endpoint hit...","service":"nodejs-backend-architecture","timestamp":"2025-08-18T07:54:24.102Z"}
{"level":"error","message":"PrismaClientKnownRequestError: \nInvalid `prisma.user.create()` invocation:\n\n\nUnique constraint failed on the constraint: `User_email_key`\n    at ei.handleRequestError (C:\\Users\\JAWHEAD\\OneDrive\\Desktop\\backend\\nodejs-backend-architecture\\node_modules\\.pnpm\\@prisma+client@6.14.0\\node_modules\\@prisma\\client\\runtime\\library.js:121:7283)\n    at ei.handleAndLogRequestError (C:\\Users\\JAWHEAD\\OneDrive\\Desktop\\backend\\nodejs-backend-architecture\\node_modules\\.pnpm\\@prisma+client@6.14.0\\node_modules\\@prisma\\client\\runtime\\library.js:121:6608)\n    at ei.request (C:\\Users\\JAWHEAD\\OneDrive\\Desktop\\backend\\nodejs-backend-architecture\\node_modules\\.pnpm\\@prisma+client@6.14.0\\node_modules\\@prisma\\client\\runtime\\library.js:121:6315)\n    at async a (C:\\Users\\JAWHEAD\\OneDrive\\Desktop\\backend\\nodejs-backend-architecture\\node_modules\\.pnpm\\@prisma+client@6.14.0\\node_modules\\@prisma\\client\\runtime\\library.js:130:9551)\n    at async file:///C:/Users/JAWHEAD/OneDrive/Desktop/backend/nodejs-backend-architecture/dist/modules/user/user-controller.js:8:18\n    at async file:///C:/Users/JAWHEAD/OneDrive/Desktop/backend/nodejs-backend-architecture/dist/utils/async-handler.js:4:13","service":"nodejs-backend-architecture","timestamp":"2025-08-18T07:54:24.116Z"}
{"level":"info","message":"Server running on port 1717","service":"nodejs-backend-architecture","timestamp":"2025-08-18T07:54:29.492Z"}
{"level":"info","message":"Received POST request to /api/user/register","service":"nodejs-backend-architecture","timestamp":"2025-08-18T07:54:31.135Z"}
{"level":"info","message":"Request body, [object Object]","service":"nodejs-backend-architecture","timestamp":"2025-08-18T07:54:31.135Z"}
{"0":":","1":":","2":"1","level":"info","message":"Registration endpoint hit...","service":"nodejs-backend-architecture","timestamp":"2025-08-18T07:54:31.143Z"}
{"level":"error","message":"PrismaClientKnownRequestError: \nInvalid `prisma.user.create()` invocation:\n\n\nUnique constraint failed on the constraint: `User_email_key`\n    at ei.handleRequestError (C:\\Users\\JAWHEAD\\OneDrive\\Desktop\\backend\\nodejs-backend-architecture\\node_modules\\.pnpm\\@prisma+client@6.14.0\\node_modules\\@prisma\\client\\runtime\\library.js:121:7283)\n    at ei.handleAndLogRequestError (C:\\Users\\JAWHEAD\\OneDrive\\Desktop\\backend\\nodejs-backend-architecture\\node_modules\\.pnpm\\@prisma+client@6.14.0\\node_modules\\@prisma\\client\\runtime\\library.js:121:6608)\n    at ei.request (C:\\Users\\JAWHEAD\\OneDrive\\Desktop\\backend\\nodejs-backend-architecture\\node_modules\\.pnpm\\@prisma+client@6.14.0\\node_modules\\@prisma\\client\\runtime\\library.js:121:6315)\n    at async a (C:\\Users\\JAWHEAD\\OneDrive\\Desktop\\backend\\nodejs-backend-architecture\\node_modules\\.pnpm\\@prisma+client@6.14.0\\node_modules\\@prisma\\client\\runtime\\library.js:130:9551)\n    at async file:///C:/Users/JAWHEAD/OneDrive/Desktop/backend/nodejs-backend-architecture/dist/modules/user/user-controller.js:8:18\n    at async file:///C:/Users/JAWHEAD/OneDrive/Desktop/backend/nodejs-backend-architecture/dist/utils/async-handler.js:4:13","service":"nodejs-backend-architecture","timestamp":"2025-08-18T07:54:31.222Z"}
{"level":"info","message":"Server running on port 1717","service":"nodejs-backend-architecture","timestamp":"2025-08-18T07:54:33.778Z"}
{"level":"info","message":"Server running on port 1717","service":"nodejs-backend-architecture","timestamp":"2025-08-18T07:55:04.756Z"}
{"level":"info","message":"Received GET request to /api/user","service":"nodejs-backend-architecture","timestamp":"2025-08-18T07:57:25.860Z"}
{"level":"info","message":"Request body, undefined","service":"nodejs-backend-architecture","timestamp":"2025-08-18T07:57:25.860Z"}
{"0":":","1":":","2":"1","level":"info","message":"Users list endpoint hit...","service":"nodejs-backend-architecture","timestamp":"2025-08-18T07:57:25.868Z"}
{"level":"info","message":"Received POST request to /api/user/register","service":"nodejs-backend-architecture","timestamp":"2025-08-18T07:57:44.145Z"}
{"level":"info","message":"Request body, [object Object]","service":"nodejs-backend-architecture","timestamp":"2025-08-18T07:57:44.145Z"}
{"0":":","1":":","2":"1","level":"info","message":"Registration endpoint hit...","service":"nodejs-backend-architecture","timestamp":"2025-08-18T07:57:44.148Z"}
{"0":"1","1":"1","10":"b","11":"f","12":"7","13":"-","14":"4","15":"7","16":"b","17":"e","18":"-","19":"9","2":"8","20":"c","21":"6","22":"d","23":"-","24":"f","25":"d","26":"2","27":"9","28":"a","29":"3","3":"7","30":"8","31":"6","32":"d","33":"0","34":"f","35":"d","4":"e","5":"0","6":"6","7":"c","8":"-","9":"2","level":"info","message":"User created successfully.","service":"nodejs-backend-architecture","timestamp":"2025-08-18T07:57:44.152Z"}
{"level":"info","message":"Received GET request to /api/user","service":"nodejs-backend-architecture","timestamp":"2025-08-18T07:57:48.828Z"}
{"level":"info","message":"Request body, undefined","service":"nodejs-backend-architecture","timestamp":"2025-08-18T07:57:48.828Z"}
{"0":":","1":":","2":"1","level":"info","message":"Users list endpoint hit...","service":"nodejs-backend-architecture","timestamp":"2025-08-18T07:57:48.829Z"}
{"level":"info","message":"Server running on port 1717","service":"nodejs-backend-architecture","timestamp":"2025-08-18T07:59:28.985Z"}
{"level":"info","message":"Server running on port 1717","service":"nodejs-backend-architecture","timestamp":"2025-08-24T01:09:55.578Z"}
{"level":"info","message":"Server running on port 1717","service":"nodejs-backend-architecture","timestamp":"2025-08-24T01:09:57.425Z"}
{"level":"info","message":"Received GET request to /api/user","service":"nodejs-backend-architecture","timestamp":"2025-08-24T01:10:06.508Z"}
{"level":"info","message":"Request body, undefined","service":"nodejs-backend-architecture","timestamp":"2025-08-24T01:10:06.508Z"}
{"0":":","1":":","2":"1","level":"info","message":"Users list endpoint hit...","service":"nodejs-backend-architecture","timestamp":"2025-08-24T01:10:06.518Z"}
{"level":"error","message":"PrismaClientInitializationError: \nInvalid `prisma.user.findMany()` invocation:\n\n\nAuthentication failed against database server, the provided database credentials for `root` are not valid.\n\nPlease make sure to provide valid database credentials for the database server at the configured address.\n    at ei.handleRequestError (C:\\Users\\JAWHEAD\\OneDrive\\Desktop\\backend\\nodejs-backend-architecture\\node_modules\\.pnpm\\@prisma+client@6.14.0\\node_modules\\@prisma\\client\\runtime\\library.js:121:7583)\n    at ei.handleAndLogRequestError (C:\\Users\\JAWHEAD\\OneDrive\\Desktop\\backend\\nodejs-backend-architecture\\node_modules\\.pnpm\\@prisma+client@6.14.0\\node_modules\\@prisma\\client\\runtime\\library.js:121:6608)\n    at ei.request (C:\\Users\\JAWHEAD\\OneDrive\\Desktop\\backend\\nodejs-backend-architecture\\node_modules\\.pnpm\\@prisma+client@6.14.0\\node_modules\\@prisma\\client\\runtime\\library.js:121:6315)\n    at async a (C:\\Users\\JAWHEAD\\OneDrive\\Desktop\\backend\\nodejs-backend-architecture\\node_modules\\.pnpm\\@prisma+client@6.14.0\\node_modules\\@prisma\\client\\runtime\\library.js:130:9551)\n    at async file:///C:/Users/JAWHEAD/OneDrive/Desktop/backend/nodejs-backend-architecture/dist/modules/user/user-controller.js:14:19\n    at async file:///C:/Users/JAWHEAD/OneDrive/Desktop/backend/nodejs-backend-architecture/dist/utils/async-handler.js:4:13","service":"nodejs-backend-architecture","timestamp":"2025-08-24T01:10:06.556Z"}
{"level":"info","message":"Received GET request to /api/user","service":"nodejs-backend-architecture","timestamp":"2025-08-24T01:10:23.700Z"}
{"level":"info","message":"Request body, undefined","service":"nodejs-backend-architecture","timestamp":"2025-08-24T01:10:23.700Z"}
{"0":":","1":":","2":"1","level":"info","message":"Users list endpoint hit...","service":"nodejs-backend-architecture","timestamp":"2025-08-24T01:10:23.700Z"}
{"level":"error","message":"PrismaClientInitializationError: \nInvalid `prisma.user.findMany()` invocation:\n\n\nAuthentication failed against database server, the provided database credentials for `root` are not valid.\n\nPlease make sure to provide valid database credentials for the database server at the configured address.\n    at ei.handleRequestError (C:\\Users\\JAWHEAD\\OneDrive\\Desktop\\backend\\nodejs-backend-architecture\\node_modules\\.pnpm\\@prisma+client@6.14.0\\node_modules\\@prisma\\client\\runtime\\library.js:121:7583)\n    at ei.handleAndLogRequestError (C:\\Users\\JAWHEAD\\OneDrive\\Desktop\\backend\\nodejs-backend-architecture\\node_modules\\.pnpm\\@prisma+client@6.14.0\\node_modules\\@prisma\\client\\runtime\\library.js:121:6608)\n    at ei.request (C:\\Users\\JAWHEAD\\OneDrive\\Desktop\\backend\\nodejs-backend-architecture\\node_modules\\.pnpm\\@prisma+client@6.14.0\\node_modules\\@prisma\\client\\runtime\\library.js:121:6315)\n    at async a (C:\\Users\\JAWHEAD\\OneDrive\\Desktop\\backend\\nodejs-backend-architecture\\node_modules\\.pnpm\\@prisma+client@6.14.0\\node_modules\\@prisma\\client\\runtime\\library.js:130:9551)\n    at async file:///C:/Users/JAWHEAD/OneDrive/Desktop/backend/nodejs-backend-architecture/dist/modules/user/user-controller.js:14:19\n    at async file:///C:/Users/JAWHEAD/OneDrive/Desktop/backend/nodejs-backend-architecture/dist/utils/async-handler.js:4:13","service":"nodejs-backend-architecture","timestamp":"2025-08-24T01:10:23.706Z"}
{"level":"info","message":"Received GET request to /api/user","service":"nodejs-backend-architecture","timestamp":"2025-08-24T01:11:09.234Z"}
{"level":"info","message":"Request body, undefined","service":"nodejs-backend-architecture","timestamp":"2025-08-24T01:11:09.234Z"}
{"0":":","1":":","2":"1","level":"info","message":"Users list endpoint hit...","service":"nodejs-backend-architecture","timestamp":"2025-08-24T01:11:09.235Z"}
{"level":"info","message":"Server running on port 1717","service":"nodejs-backend-architecture","timestamp":"2025-08-24T01:15:41.110Z"}
{"level":"info","message":"Received GET request to /api/user","service":"nodejs-backend-architecture","timestamp":"2025-08-24T01:15:49.254Z"}
{"level":"info","message":"Request body, undefined","service":"nodejs-backend-architecture","timestamp":"2025-08-24T01:15:49.254Z"}
{"0":":","1":":","2":"1","level":"info","message":"Users list endpoint hit...","service":"nodejs-backend-architecture","timestamp":"2025-08-24T01:15:49.261Z"}
{"level":"info","message":"Received POST request to /api/user/register","service":"nodejs-backend-architecture","timestamp":"2025-08-24T01:16:05.744Z"}
{"level":"info","message":"Request body, [object Object]","service":"nodejs-backend-architecture","timestamp":"2025-08-24T01:16:05.745Z"}
{"0":":","1":":","2":"1","level":"info","message":"Registration endpoint hit...","service":"nodejs-backend-architecture","timestamp":"2025-08-24T01:16:05.748Z"}
{"level":"error","message":"PrismaClientKnownRequestError: \nInvalid `prisma.user.create()` invocation:\n\n\nUnique constraint failed on the constraint: `User_email_key`\n    at ei.handleRequestError (C:\\Users\\JAWHEAD\\OneDrive\\Desktop\\backend\\nodejs-backend-architecture\\node_modules\\.pnpm\\@prisma+client@6.14.0\\node_modules\\@prisma\\client\\runtime\\library.js:121:7283)\n    at ei.handleAndLogRequestError (C:\\Users\\JAWHEAD\\OneDrive\\Desktop\\backend\\nodejs-backend-architecture\\node_modules\\.pnpm\\@prisma+client@6.14.0\\node_modules\\@prisma\\client\\runtime\\library.js:121:6608)\n    at ei.request (C:\\Users\\JAWHEAD\\OneDrive\\Desktop\\backend\\nodejs-backend-architecture\\node_modules\\.pnpm\\@prisma+client@6.14.0\\node_modules\\@prisma\\client\\runtime\\library.js:121:6315)\n    at async a (C:\\Users\\JAWHEAD\\OneDrive\\Desktop\\backend\\nodejs-backend-architecture\\node_modules\\.pnpm\\@prisma+client@6.14.0\\node_modules\\@prisma\\client\\runtime\\library.js:130:9551)\n    at async file:///C:/Users/JAWHEAD/OneDrive/Desktop/backend/nodejs-backend-architecture/dist/modules/user/user-controller.js:8:18\n    at async file:///C:/Users/JAWHEAD/OneDrive/Desktop/backend/nodejs-backend-architecture/dist/utils/async-handler.js:4:13","service":"nodejs-backend-architecture","timestamp":"2025-08-24T01:16:05.758Z"}
{"level":"info","message":"Server running on port 1717","service":"nodejs-backend-architecture","timestamp":"2025-08-24T01:19:28.942Z"}
{"level":"info","message":"Server running on port 1717","service":"nodejs-backend-architecture","timestamp":"2025-08-24T01:20:57.455Z"}
{"level":"info","message":"Server running on port 1717","service":"nodejs-backend-architecture","timestamp":"2025-08-24T01:21:29.987Z"}
{"level":"info","message":"Server running on port 1717","service":"nodejs-backend-architecture","timestamp":"2025-08-24T01:21:35.076Z"}
{"level":"info","message":"Server running on port 1717","service":"nodejs-backend-architecture","timestamp":"2025-08-24T01:21:45.118Z"}
{"level":"info","message":"Server running on port 1717","service":"nodejs-backend-architecture","timestamp":"2025-08-24T01:21:58.158Z"}
{"level":"info","message":"Server running on port 1717","service":"nodejs-backend-architecture","timestamp":"2025-08-24T01:22:12.008Z"}
{"level":"info","message":"Server running on port 1717","service":"nodejs-backend-architecture","timestamp":"2025-08-24T01:23:43.719Z"}
{"level":"info","message":"Server running on port 1717","service":"nodejs-backend-architecture","timestamp":"2025-08-24T01:27:08.862Z"}
{"level":"info","message":"Server running on port 1717","service":"nodejs-backend-architecture","timestamp":"2025-08-24T01:28:37.070Z"}
{"level":"info","message":"Server running on port 1717","service":"nodejs-backend-architecture","timestamp":"2025-08-24T01:33:32.926Z"}
{"level":"info","message":"Server running on port 1717","service":"nodejs-backend-architecture","timestamp":"2025-08-24T01:36:09.902Z"}
{"level":"info","message":"Server running on port 1717","service":"nodejs-backend-architecture","timestamp":"2025-08-24T01:36:14.881Z"}
{"level":"info","message":"Server running on port 1717","service":"nodejs-backend-architecture","timestamp":"2025-08-24T01:38:01.226Z"}
{"level":"info","message":"Server running on port 1717","service":"nodejs-backend-architecture","timestamp":"2025-08-24T01:38:05.407Z"}
{"level":"info","message":"Server running on port 1717","service":"nodejs-backend-architecture","timestamp":"2025-08-24T01:38:10.597Z"}
{"level":"info","message":"Server running on port 1717","service":"nodejs-backend-architecture","timestamp":"2025-08-24T01:38:13.138Z"}
{"level":"info","message":"Server running on port 1717","service":"nodejs-backend-architecture","timestamp":"2025-08-24T01:38:18.503Z"}
{"level":"info","message":"Server running on port 1717","service":"nodejs-backend-architecture","timestamp":"2025-08-24T01:40:44.663Z"}
{"level":"info","message":"Server running on port 1717","service":"nodejs-backend-architecture","timestamp":"2025-08-24T01:40:47.507Z"}
{"level":"info","message":"Server running on port 1717","service":"nodejs-backend-architecture","timestamp":"2025-08-24T01:41:11.079Z"}
{"level":"info","message":"Server running on port 1717","service":"nodejs-backend-architecture","timestamp":"2025-08-24T01:43:30.378Z"}
{"level":"info","message":"Server running on port 1717","service":"nodejs-backend-architecture","timestamp":"2025-08-24T01:43:31.796Z"}
{"level":"info","message":"Server running on port 1717","service":"nodejs-backend-architecture","timestamp":"2025-08-24T01:47:37.685Z"}
{"level":"info","message":"Server running on port 1717","service":"nodejs-backend-architecture","timestamp":"2025-08-24T01:48:21.055Z"}
{"level":"info","message":"Server running on port 1717","service":"nodejs-backend-architecture","timestamp":"2025-08-24T01:48:35.009Z"}
{"level":"info","message":"Server running on port 1717","service":"nodejs-backend-architecture","timestamp":"2025-08-24T01:49:12.925Z"}
{"level":"info","message":"Server running on port 1717","service":"nodejs-backend-architecture","timestamp":"2025-08-24T01:49:17.090Z"}
{"level":"info","message":"Received POST request to /api/user/register","service":"nodejs-backend-architecture","timestamp":"2025-08-24T01:50:11.157Z"}
{"level":"info","message":"Request body, [object Object]","service":"nodejs-backend-architecture","timestamp":"2025-08-24T01:50:11.157Z"}
{"0":":","1":":","2":"1","level":"info","message":"Registration endpoint hit...","service":"nodejs-backend-architecture","timestamp":"2025-08-24T01:50:11.166Z"}
{"level":"error","message":"PrismaClientKnownRequestError: \nInvalid `prisma.user.create()` invocation:\n\n\nUnique constraint failed on the constraint: `User_email_key`\n    at ei.handleRequestError (C:\\Users\\JAWHEAD\\OneDrive\\Desktop\\backend\\nodejs-backend-architecture\\node_modules\\.pnpm\\@prisma+client@6.14.0\\node_modules\\@prisma\\client\\runtime\\library.js:121:7283)\n    at ei.handleAndLogRequestError (C:\\Users\\JAWHEAD\\OneDrive\\Desktop\\backend\\nodejs-backend-architecture\\node_modules\\.pnpm\\@prisma+client@6.14.0\\node_modules\\@prisma\\client\\runtime\\library.js:121:6608)\n    at ei.request (C:\\Users\\JAWHEAD\\OneDrive\\Desktop\\backend\\nodejs-backend-architecture\\node_modules\\.pnpm\\@prisma+client@6.14.0\\node_modules\\@prisma\\client\\runtime\\library.js:121:6315)\n    at async a (C:\\Users\\JAWHEAD\\OneDrive\\Desktop\\backend\\nodejs-backend-architecture\\node_modules\\.pnpm\\@prisma+client@6.14.0\\node_modules\\@prisma\\client\\runtime\\library.js:130:9551)\n    at async file:///C:/Users/JAWHEAD/OneDrive/Desktop/backend/nodejs-backend-architecture/dist/modules/user/user-controller.js:8:18\n    at async file:///C:/Users/JAWHEAD/OneDrive/Desktop/backend/nodejs-backend-architecture/dist/utils/async-handler.js:4:13","service":"nodejs-backend-architecture","timestamp":"2025-08-24T01:50:11.186Z"}
{"level":"info","message":"Received POST request to /api/user/register","service":"nodejs-backend-architecture","timestamp":"2025-08-24T01:50:25.915Z"}
{"level":"info","message":"Request body, [object Object]","service":"nodejs-backend-architecture","timestamp":"2025-08-24T01:50:25.915Z"}
{"0":":","1":":","2":"1","level":"info","message":"Registration endpoint hit...","service":"nodejs-backend-architecture","timestamp":"2025-08-24T01:50:25.916Z"}
{"0":"4","1":"c","10":"9","11":"a","12":"d","13":"-","14":"4","15":"2","16":"e","17":"b","18":"-","19":"b","2":"2","20":"a","21":"6","22":"9","23":"-","24":"8","25":"c","26":"1","27":"2","28":"d","29":"1","3":"b","30":"6","31":"9","32":"e","33":"f","34":"a","35":"6","4":"8","5":"f","6":"c","7":"8","8":"-","9":"3","level":"info","message":"User created successfully.","service":"nodejs-backend-architecture","timestamp":"2025-08-24T01:50:25.921Z"}
{"level":"info","message":"Received GET request to /api/user","service":"nodejs-backend-architecture","timestamp":"2025-08-24T01:50:48.604Z"}
{"level":"info","message":"Request body, undefined","service":"nodejs-backend-architecture","timestamp":"2025-08-24T01:50:48.605Z"}
{"0":":","1":":","2":"1","level":"info","message":"Users list endpoint hit...","service":"nodejs-backend-architecture","timestamp":"2025-08-24T01:50:48.606Z"}
{"level":"info","message":"Users fetched successfully.","service":"nodejs-backend-architecture","timestamp":"2025-08-24T01:50:48.607Z"}
{"level":"info","message":"Server running on port 1717","service":"nodejs-backend-architecture","timestamp":"2025-08-24T01:51:18.107Z"}
